<metadata xml:lang="en"><Esri><CreaDate>20220914</CreaDate><CreaTime>01405900</CreaTime><ArcGISFormat>1.0</ArcGISFormat><SyncOnce>FALSE</SyncOnce><DataProperties><lineage><Process ToolSource="c:\program files\arcgis\pro\Resources\ArcToolbox\toolboxes\Conversion Tools.tbx\RasterToPolygon" Date="20220914" Time="014059">RasterToPolygon C:/Users/Administrator/Documents/GEOG_596/img_output\new_raster_2.tif C:/Users/Administrator/Documents/GEOG_596/img_output\18TXM585875_mask.shp NO_SIMPLIFY Value SINGLE_OUTER_PART #</Process><Process ToolSource="c:\program files\arcgis\pro\Resources\ArcToolbox\toolboxes\Data Management Tools.tbx\AddField" Date="20220914" Time="014100">AddField C:/Users/Administrator/Documents/GEOG_596/img_output\18TXM585875_mask.shp AREA_SQM "Double  (double precision)" 6 2 # # NULLABLE NON_REQUIRED #</Process><Process ToolSource="c:\program files\arcgis\pro\Resources\ArcToolbox\toolboxes\Data Management Tools.tbx\CalculateGeometryAttributes" Date="20220914" Time="014100">CalculateGeometryAttributes C:/Users/Administrator/Documents/GEOG_596/img_output\18TXM585875_mask.shp "AREA_SQM AREA" # "Square meters" # "Same as input"</Process><Process ToolSource="c:\program files\arcgis\pro\Resources\ArcToolbox\toolboxes\Data Management Tools.tbx\Merge" Date="20220914" Time="163331">Merge C:/Users/artim/Documents/GEOG_596/img_output\18TXM585875_mask.shp;C:/Users/artim/Documents/GEOG_596/img_output\18TXM585890_mask.shp;C:/Users/artim/Documents/GEOG_596/img_output\18TXM585905_mask.shp;C:/Users/artim/Documents/GEOG_596/img_output\18TXM585920_mask.shp;C:/Users/artim/Documents/GEOG_596/img_output\18TXM585935_mask.shp;C:/Users/artim/Documents/GEOG_596/img_output\18TXM600860_mask.shp;C:/Users/artim/Documents/GEOG_596/img_output\18TXM600875_mask.shp;C:/Users/artim/Documents/GEOG_596/img_output\18TXM600890_mask.shp;C:/Users/artim/Documents/GEOG_596/img_output\18TXM600905_mask.shp;C:/Users/artim/Documents/GEOG_596/img_output\18TXM600920_mask.shp;C:/Users/artim/Documents/GEOG_596/img_output\18TXM600935_mask.shp;C:/Users/artim/Documents/GEOG_596/img_output\18TXM615845_mask.shp;C:/Users/artim/Documents/GEOG_596/img_output\18TXM615860_mask.shp;C:/Users/artim/Documents/GEOG_596/img_output\18TXM615875_mask.shp;C:/Users/artim/Documents/GEOG_596/img_output\18TXM615890_mask.shp;C:/Users/artim/Documents/GEOG_596/img_output\18TXM615905_mask.shp;C:/Users/artim/Documents/GEOG_596/img_output\18TXM615920_mask.shp;C:/Users/artim/Documents/GEOG_596/img_output\18TXM615935_mask.shp;C:/Users/artim/Documents/GEOG_596/img_output\18TXM630845_mask.shp;C:/Users/artim/Documents/GEOG_596/img_output\18TXM630860_mask.shp;C:/Users/artim/Documents/GEOG_596/img_output\18TXM630875_mask.shp;C:/Users/artim/Documents/GEOG_596/img_output\18TXM630890_mask.shp;C:/Users/artim/Documents/GEOG_596/img_output\18TXM630905_mask.shp;C:/Users/artim/Documents/GEOG_596/img_output\18TXM630920_mask.shp;C:/Users/artim/Documents/GEOG_596/img_output\18TXM630935_mask.shp;C:/Users/artim/Documents/GEOG_596/img_output\18TXM630950_mask.shp;C:/Users/artim/Documents/GEOG_596/img_output\18TXM630965_mask.shp;C:/Users/artim/Documents/GEOG_596/img_output\18TXM630980_mask.shp;C:/Users/artim/Documents/GEOG_596/img_output\18TXM645845_mask.shp;C:/Users/artim/Documents/GEOG_596/img_output\18TXM645860_mask.shp;C:/Users/artim/Documents/GEOG_596/img_output\18TXM645875_mask.shp;C:/Users/artim/Documents/GEOG_596/img_output\18TXM645890_mask.shp;C:/Users/artim/Documents/GEOG_596/img_output\18TXM645905_mask.shp;C:/Users/artim/Documents/GEOG_596/img_output\18TXM645920_mask.shp;C:/Users/artim/Documents/GEOG_596/img_output\18TXM645935_mask.shp;C:/Users/artim/Documents/GEOG_596/img_output\18TXM645950_mask.shp;C:/Users/artim/Documents/GEOG_596/img_output\18TXM645965_mask.shp;C:/Users/artim/Documents/GEOG_596/img_output\18TXM645980_mask.shp;C:/Users/artim/Documents/GEOG_596/img_output\18TXM645995_mask.shp;C:/Users/artim/Documents/GEOG_596/img_output\18TXM660875_mask.shp;C:/Users/artim/Documents/GEOG_596/img_output\18TXM660890_mask.shp;C:/Users/artim/Documents/GEOG_596/img_output\18TXM660905_mask.shp;C:/Users/artim/Documents/GEOG_596/img_output\18TXM660920_mask.shp;C:/Users/artim/Documents/GEOG_596/img_output\18TXM660935_mask.shp;C:/Users/artim/Documents/GEOG_596/img_output\18TXM660950_mask.shp;C:/Users/artim/Documents/GEOG_596/img_output\18TXM660965_mask.shp;C:/Users/artim/Documents/GEOG_596/img_output\18TXM660980_mask.shp;C:/Users/artim/Documents/GEOG_596/img_output\18TXM660995_mask.shp;C:/Users/artim/Documents/GEOG_596/img_output\18TXM675875_mask.shp;C:/Users/artim/Documents/GEOG_596/img_output\18TXM675890_mask.shp;C:/Users/artim/Documents/GEOG_596/img_output\18TXM675905_mask.shp;C:/Users/artim/Documents/GEOG_596/img_output\18TXM675920_mask.shp;C:/Users/artim/Documents/GEOG_596/img_output\18TXM675935_mask.shp;C:/Users/artim/Documents/GEOG_596/img_output\18TXM675950_mask.shp;C:/Users/artim/Documents/GEOG_596/img_output\18TXM675965_mask.shp;C:/Users/artim/Documents/GEOG_596/img_output\18TXM675980_mask.shp;C:/Users/artim/Documents/GEOG_596/img_output\18TXM675995_mask.shp;C:/Users/artim/Documents/GEOG_596/img_output\18TXM690890_mask.shp;C:/Users/artim/Documents/GEOG_596/img_output\18TXM690905_mask.shp;C:/Users/artim/Documents/GEOG_596/img_output\18TXM690920_mask.shp;C:/Users/artim/Documents/GEOG_596/img_output\18TXM690935_mask.shp;C:/Users/artim/Documents/GEOG_596/img_output\18TXM690950_mask.shp;C:/Users/artim/Documents/GEOG_596/img_output\18TXM690965_mask.shp;C:/Users/artim/Documents/GEOG_596/img_output\18TXM690980_mask.shp;C:/Users/artim/Documents/GEOG_596/img_output\18TXM690995_mask.shp;C:/Users/artim/Documents/GEOG_596/img_output\18TXM705890_mask.shp;C:/Users/artim/Documents/GEOG_596/img_output\18TXM705905_mask.shp;C:/Users/artim/Documents/GEOG_596/img_output\18TXM705920_mask.shp;C:/Users/artim/Documents/GEOG_596/img_output\18TXM705935_mask.shp;C:/Users/artim/Documents/GEOG_596/img_output\18TXM705950_mask.shp;C:/Users/artim/Documents/GEOG_596/img_output\18TXM705965_mask.shp;C:/Users/artim/Documents/GEOG_596/img_output\18TXM705980_mask.shp;C:/Users/artim/Documents/GEOG_596/img_output\18TXM705995_mask.shp;C:/Users/artim/Documents/GEOG_596/img_output\18TXM720770_mask.shp;C:/Users/artim/Documents/GEOG_596/img_output\18TXM720785_mask.shp;C:/Users/artim/Documents/GEOG_596/img_output\18TXM720875_mask.shp;C:/Users/artim/Documents/GEOG_596/img_output\18TXM720890_mask.shp;C:/Users/artim/Documents/GEOG_596/img_output\18TXM720905_mask.shp;C:/Users/artim/Documents/GEOG_596/img_output\18TXM720920_mask.shp;C:/Users/artim/Documents/GEOG_596/img_output\18TXM720935_mask.shp;C:/Users/artim/Documents/GEOG_596/img_output\18TXM720950_mask.shp;C:/Users/artim/Documents/GEOG_596/img_output\18TXM720965_mask.shp;C:/Users/artim/Documents/GEOG_596/img_output\18TXM720980_mask.shp;C:/Users/artim/Documents/GEOG_596/img_output\18TXM720995_mask.shp;C:/Users/artim/Documents/GEOG_596/img_output\18TXM735755_mask.shp;C:/Users/artim/Documents/GEOG_596/img_output\18TXM735770_mask.shp;C:/Users/artim/Documents/GEOG_596/img_output\18TXM735785_mask.shp;C:/Users/artim/Documents/GEOG_596/img_output\18TXM735800_mask.shp;C:/Users/artim/Documents/GEOG_596/img_output\18TXM735815_mask.shp;C:/Users/artim/Documents/GEOG_596/img_output\18TXM735830_mask.shp;C:/Users/artim/Documents/GEOG_596/img_output\18TXM735845_mask.shp;C:/Users/artim/Documents/GEOG_596/img_output\18TXM735860_mask.shp;C:/Users/artim/Documents/GEOG_596/img_output\18TXM735875_mask.shp;C:/Users/artim/Documents/GEOG_596/img_output\18TXM735890_mask.shp;C:/Users/artim/Documents/GEOG_596/img_output\18TXM735905_mask.shp;C:/Users/artim/Documents/GEOG_596/img_output\18TXM735920_mask.shp;C:/Users/artim/Documents/GEOG_596/img_output\18TXM735935_mask.shp;C:/Users/artim/Documents/GEOG_596/img_output\18TXM735950_mask.shp;C:/Users/artim/Documents/GEOG_596/img_output\18TXM735965_mask.shp;C:/Users/artim/Documents/GEOG_596/img_output\18TXM735980_mask.shp;C:/Users/artim/Documents/GEOG_596/img_output\18TXM735995_mask.shp;C:/Users/artim/Documents/GEOG_596/img_output\18TXM750755_mask.shp;C:/Users/artim/Documents/GEOG_596/img_output\18TXM750770_mask.shp;C:/Users/artim/Documents/GEOG_596/img_output\18TXM750785_mask.shp;C:/Users/artim/Documents/GEOG_596/img_output\18TXM750800_mask.shp;C:/Users/artim/Documents/GEOG_596/img_output\18TXM750815_mask.shp;C:/Users/artim/Documents/GEOG_596/img_output\18TXM750830_mask.shp;C:/Users/artim/Documents/GEOG_596/img_output\18TXM750845_mask.shp;C:/Users/artim/Documents/GEOG_596/img_output\18TXM750860_mask.shp;C:/Users/artim/Documents/GEOG_596/img_output\18TXM750875_mask.shp;C:/Users/artim/Documents/GEOG_596/img_output\18TXM750890_mask.shp;C:/Users/artim/Documents/GEOG_596/img_output\18TXM750905_mask.shp;C:/Users/artim/Documents/GEOG_596/img_output\18TXM750920_mask.shp;C:/Users/artim/Documents/GEOG_596/img_output\18TXM750935_mask.shp;C:/Users/artim/Documents/GEOG_596/img_output\18TXM750950_mask.shp;C:/Users/artim/Documents/GEOG_596/img_output\18TXM750965_mask.shp;C:/Users/artim/Documents/GEOG_596/img_output\18TXM750980_mask.shp;C:/Users/artim/Documents/GEOG_596/img_output\18TXM750995_mask.shp;C:/Users/artim/Documents/GEOG_596/img_output\18TXM765770_mask.shp;C:/Users/artim/Documents/GEOG_596/img_output\18TXM765785_mask.shp;C:/Users/artim/Documents/GEOG_596/img_output\18TXM765800_mask.shp;C:/Users/artim/Documents/GEOG_596/img_output\18TXM765815_mask.shp;C:/Users/artim/Documents/GEOG_596/img_output\18TXM765830_mask.shp;C:/Users/artim/Documents/GEOG_596/img_output\18TXM765845_mask.shp;C:/Users/artim/Documents/GEOG_596/img_output\18TXM765860_mask.shp;C:/Users/artim/Documents/GEOG_596/img_output\18TXM765875_mask.shp;C:/Users/artim/Documents/GEOG_596/img_output\18TXM765890_mask.shp;C:/Users/artim/Documents/GEOG_596/img_output\18TXM765905_mask.shp;C:/Users/artim/Documents/GEOG_596/img_output\18TXM765920_mask.shp;C:/Users/artim/Documents/GEOG_596/img_output\18TXM765935_mask.shp;C:/Users/artim/Documents/GEOG_596/img_output\18TXM765950_mask.shp;C:/Users/artim/Documents/GEOG_596/img_output\18TXM765965_mask.shp;C:/Users/artim/Documents/GEOG_596/img_output\18TXM765980_mask.shp;C:/Users/artim/Documents/GEOG_596/img_output\18TXM765995_mask.shp;C:/Users/artim/Documents/GEOG_596/img_output\18TXM780785_mask.shp;C:/Users/artim/Documents/GEOG_596/img_output\18TXM780800_mask.shp;C:/Users/artim/Documents/GEOG_596/img_output\18TXM780815_mask.shp;C:/Users/artim/Documents/GEOG_596/img_output\18TXM780830_mask.shp;C:/Users/artim/Documents/GEOG_596/img_output\18TXM780845_mask.shp;C:/Users/artim/Documents/GEOG_596/img_output\18TXM780860_mask.shp;C:/Users/artim/Documents/GEOG_596/img_output\18TXM780875_mask.shp;C:/Users/artim/Documents/GEOG_596/img_output\18TXM780890_mask.shp;C:/Users/artim/Documents/GEOG_596/img_output\18TXM780905_mask.shp;C:/Users/artim/Documents/GEOG_596/img_output\18TXM780920_mask.shp;C:/Users/artim/Documents/GEOG_596/img_output\18TXM780935_mask.shp;C:/Users/artim/Documents/GEOG_596/img_output\18TXM780950_mask.shp;C:/Users/artim/Documents/GEOG_596/img_output\18TXM780965_mask.shp;C:/Users/artim/Documents/GEOG_596/img_output\18TXM780980_mask.shp;C:/Users/artim/Documents/GEOG_596/img_output\18TXM780995_mask.shp;C:/Users/artim/Documents/GEOG_596/img_output\18TXM795770_mask.shp;C:/Users/artim/Documents/GEOG_596/img_output\18TXM795785_mask.shp;C:/Users/artim/Documents/GEOG_596/img_output\18TXM795800_mask.shp;C:/Users/artim/Documents/GEOG_596/img_output\18TXM795815_mask.shp;C:/Users/artim/Documents/GEOG_596/img_output\18TXM795830_mask.shp;C:/Users/artim/Documents/GEOG_596/img_output\18TXM795845_mask.shp;C:/Users/artim/Documents/GEOG_596/img_output\18TXM795860_mask.shp;C:/Users/artim/Documents/GEOG_596/img_output\18TXM795875_mask.shp;C:/Users/artim/Documents/GEOG_596/img_output\18TXM795890_mask.shp;C:/Users/artim/Documents/GEOG_596/img_output\18TXM795905_mask.shp;C:/Users/artim/Documents/GEOG_596/img_output\18TXM795920_mask.shp;C:/Users/artim/Documents/GEOG_596/img_output\18TXM795935_mask.shp;C:/Users/artim/Documents/GEOG_596/img_output\18TXM795950_mask.shp;C:/Users/artim/Documents/GEOG_596/img_output\18TXM795965_mask.shp;C:/Users/artim/Documents/GEOG_596/img_output\18TXM795980_mask.shp;C:/Users/artim/Documents/GEOG_596/img_output\18TXM795995_mask.shp;C:/Users/artim/Documents/GEOG_596/img_output\18TXM810755_mask.shp;C:/Users/artim/Documents/GEOG_596/img_output\18TXM810770_mask.shp;C:/Users/artim/Documents/GEOG_596/img_output\18TXM810785_mask.shp;C:/Users/artim/Documents/GEOG_596/img_output\18TXM810800_mask.shp;C:/Users/artim/Documents/GEOG_596/img_output\18TXM810815_mask.shp;C:/Users/artim/Documents/GEOG_596/img_output\18TXM810830_mask.shp;C:/Users/artim/Documents/GEOG_596/img_output\18TXM810845_mask.shp;C:/Users/artim/Documents/GEOG_596/img_output\18TXM810860_mask.shp;C:/Users/artim/Documents/GEOG_596/img_output\18TXM810875_mask.shp;C:/Users/artim/Documents/GEOG_596/img_output\18TXM810890_mask.shp;C:/Users/artim/Documents/GEOG_596/img_output\18TXM810905_mask.shp;C:/Users/artim/Documents/GEOG_596/img_output\18TXM810920_mask.shp;C:/Users/artim/Documents/GEOG_596/img_output\18TXM810935_mask.shp;C:/Users/artim/Documents/GEOG_596/img_output\18TXM810950_mask.shp;C:/Users/artim/Documents/GEOG_596/img_output\18TXM810965_mask.shp;C:/Users/artim/Documents/GEOG_596/img_output\18TXM810980_mask.shp;C:/Users/artim/Documents/GEOG_596/img_output\18TXM810995_mask.shp;C:/Users/artim/Documents/GEOG_596/img_output\18TXM825740_mask.shp;C:/Users/artim/Documents/GEOG_596/img_output\18TXM825755_mask.shp;C:/Users/artim/Documents/GEOG_596/img_output\18TXM825770_mask.shp;C:/Users/artim/Documents/GEOG_596/img_output\18TXM825785_mask.shp;C:/Users/artim/Documents/GEOG_596/img_output\18TXM825800_mask.shp;C:/Users/artim/Documents/GEOG_596/img_output\18TXM825815_mask.shp;C:/Users/artim/Documents/GEOG_596/img_output\18TXM825830_mask.shp;C:/Users/artim/Documents/GEOG_596/img_output\18TXM825845_mask.shp;C:/Users/artim/Documents/GEOG_596/img_output\18TXM825860_mask.shp;C:/Users/artim/Documents/GEOG_596/img_output\18TXM825875_mask.shp;C:/Users/artim/Documents/GEOG_596/img_output\18TXM825890_mask.shp;C:/Users/artim/Documents/GEOG_596/img_output\18TXM825905_mask.shp;C:/Users/artim/Documents/GEOG_596/img_output\18TXM825920_mask.shp;C:/Users/artim/Documents/GEOG_596/img_output\18TXM825935_mask.shp;C:/Users/artim/Documents/GEOG_596/img_output\18TXM825950_mask.shp;C:/Users/artim/Documents/GEOG_596/img_output\18TXM825965_mask.shp;C:/Users/artim/Documents/GEOG_596/img_output\18TXM825980_mask.shp;C:/Users/artim/Documents/GEOG_596/img_output\18TXM825995_mask.shp C:/Users/artim/Documents/GEOG_596/county_shp\merged_county_img.shp "Id "Id" true true false 10 Long 0 10,First,#,C:/Users/artim/Documents/GEOG_596/img_output\18TXM585875_mask.shp,Id,-1,-1,C:/Users/artim/Documents/GEOG_596/img_output\18TXM585890_mask.shp,Id,-1,-1,C:/Users/artim/Documents/GEOG_596/img_output\18TXM585905_mask.shp,Id,-1,-1,C:/Users/artim/Documents/GEOG_596/img_output\18TXM585920_mask.shp,Id,-1,-1,C:/Users/artim/Documents/GEOG_596/img_output\18TXM585935_mask.shp,Id,-1,-1,C:/Users/artim/Documents/GEOG_596/img_output\18TXM600860_mask.shp,Id,-1,-1,C:/Users/artim/Documents/GEOG_596/img_output\18TXM600875_mask.shp,Id,-1,-1,C:/Users/artim/Documents/GEOG_596/img_output\18TXM600890_mask.shp,Id,-1,-1,C:/Users/artim/Documents/GEOG_596/img_output\18TXM600905_mask.shp,Id,-1,-1,C:/Users/artim/Documents/GEOG_596/img_output\18TXM600920_mask.shp,Id,-1,-1,C:/Users/artim/Documents/GEOG_596/img_output\18TXM600935_mask.shp,Id,-1,-1,C:/Users/artim/Documents/GEOG_596/img_output\18TXM615845_mask.shp,Id,-1,-1,C:/Users/artim/Documents/GEOG_596/img_output\18TXM615860_mask.shp,Id,-1,-1,C:/Users/artim/Documents/GEOG_596/img_output\18TXM615875_mask.shp,Id,-1,-1,C:/Users/artim/Documents/GEOG_596/img_output\18TXM615890_mask.shp,Id,-1,-1,C:/Users/artim/Documents/GEOG_596/img_output\18TXM615905_mask.shp,Id,-1,-1,C:/Users/artim/Documents/GEOG_596/img_output\18TXM615920_mask.shp,Id,-1,-1,C:/Users/artim/Documents/GEOG_596/img_output\18TXM615935_mask.shp,Id,-1,-1,C:/Users/artim/Documents/GEOG_596/img_output\18TXM630845_mask.shp,Id,-1,-1,C:/Users/artim/Documents/GEOG_596/img_output\18TXM630860_mask.shp,Id,-1,-1,C:/Users/artim/Documents/GEOG_596/img_output\18TXM630875_mask.shp,Id,-1,-1,C:/Users/artim/Documents/GEOG_596/img_output\18TXM630890_mask.shp,Id,-1,-1,C:/Users/artim/Documents/GEOG_596/img_output\18TXM630905_mask.shp,Id,-1,-1,C:/Users/artim/Documents/GEOG_596/img_output\18TXM630920_mask.shp,Id,-1,-1,C:/Users/artim/Documents/GEOG_596/img_output\18TXM630935_mask.shp,Id,-1,-1,C:/Users/artim/Documents/GEOG_596/img_output\18TXM630950_mask.shp,Id,-1,-1,C:/Users/artim/Documents/GEOG_596/img_output\18TXM630965_mask.shp,Id,-1,-1,C:/Users/artim/Documents/GEOG_596/img_output\18TXM630980_mask.shp,Id,-1,-1,C:/Users/artim/Documents/GEOG_596/img_output\18TXM645845_mask.shp,Id,-1,-1,C:/Users/artim/Documents/GEOG_596/img_output\18TXM645860_mask.shp,Id,-1,-1,C:/Users/artim/Documents/GEOG_596/img_output\18TXM645875_mask.shp,Id,-1,-1,C:/Users/artim/Documents/GEOG_596/img_output\18TXM645890_mask.shp,Id,-1,-1,C:/Users/artim/Documents/GEOG_596/img_output\18TXM645905_mask.shp,Id,-1,-1,C:/Users/artim/Documents/GEOG_596/img_output\18TXM645920_mask.shp,Id,-1,-1,C:/Users/artim/Documents/GEOG_596/img_output\18TXM645935_mask.shp,Id,-1,-1,C:/Users/artim/Documents/GEOG_596/img_output\18TXM645950_mask.shp,Id,-1,-1,C:/Users/artim/Documents/GEOG_596/img_output\18TXM645965_mask.shp,Id,-1,-1,C:/Users/artim/Documents/GEOG_596/img_output\18TXM645980_mask.shp,Id,-1,-1,C:/Users/artim/Documents/GEOG_596/img_output\18TXM645995_mask.shp,Id,-1,-1,C:/Users/artim/Documents/GEOG_596/img_output\18TXM660875_mask.shp,Id,-1,-1,C:/Users/artim/Documents/GEOG_596/img_output\18TXM660890_mask.shp,Id,-1,-1,C:/Users/artim/Documents/GEOG_596/img_output\18TXM660905_mask.shp,Id,-1,-1,C:/Users/artim/Documents/GEOG_596/img_output\18TXM660920_mask.shp,Id,-1,-1,C:/Users/artim/Documents/GEOG_596/img_output\18TXM660935_mask.shp,Id,-1,-1,C:/Users/artim/Documents/GEOG_596/img_output\18TXM660950_mask.shp,Id,-1,-1,C:/Users/artim/Documents/GEOG_596/img_output\18TXM660965_mask.shp,Id,-1,-1,C:/Users/artim/Documents/GEOG_596/img_output\18TXM660980_mask.shp,Id,-1,-1,C:/Users/artim/Documents/GEOG_596/img_output\18TXM660995_mask.shp,Id,-1,-1,C:/Users/artim/Documents/GEOG_596/img_output\18TXM675875_mask.shp,Id,-1,-1,C:/Users/artim/Documents/GEOG_596/img_output\18TXM675890_mask.shp,Id,-1,-1,C:/Users/artim/Documents/GEOG_596/img_output\18TXM675905_mask.shp,Id,-1,-1,C:/Users/artim/Documents/GEOG_596/img_output\18TXM675920_mask.shp,Id,-1,-1,C:/Users/artim/Documents/GEOG_596/img_output\18TXM675935_mask.shp,Id,-1,-1,C:/Users/artim/Documents/GEOG_596/img_output\18TXM675950_mask.shp,Id,-1,-1,C:/Users/artim/Documents/GEOG_596/img_output\18TXM675965_mask.shp,Id,-1,-1,C:/Users/artim/Documents/GEOG_596/img_output\18TXM675980_mask.shp,Id,-1,-1,C:/Users/artim/Documents/GEOG_596/img_output\18TXM675995_mask.shp,Id,-1,-1,C:/Users/artim/Documents/GEOG_596/img_output\18TXM690890_mask.shp,Id,-1,-1,C:/Users/artim/Documents/GEOG_596/img_output\18TXM690905_mask.shp,Id,-1,-1,C:/Users/artim/Documents/GEOG_596/img_output\18TXM690920_mask.shp,Id,-1,-1,C:/Users/artim/Documents/GEOG_596/img_output\18TXM690935_mask.shp,Id,-1,-1,C:/Users/artim/Documents/GEOG_596/img_output\18TXM690950_mask.shp,Id,-1,-1,C:/Users/artim/Documents/GEOG_596/img_output\18TXM690965_mask.shp,Id,-1,-1,C:/Users/artim/Documents/GEOG_596/img_output\18TXM690980_mask.shp,Id,-1,-1,C:/Users/artim/Documents/GEOG_596/img_output\18TXM690995_mask.shp,Id,-1,-1,C:/Users/artim/Documents/GEOG_596/img_output\18TXM705890_mask.shp,Id,-1,-1,C:/Users/artim/Documents/GEOG_596/img_output\18TXM705905_mask.shp,Id,-1,-1,C:/Users/artim/Documents/GEOG_596/img_output\18TXM705920_mask.shp,Id,-1,-1,C:/Users/artim/Documents/GEOG_596/img_output\18TXM705935_mask.shp,Id,-1,-1,C:/Users/artim/Documents/GEOG_596/img_output\18TXM705950_mask.shp,Id,-1,-1,C:/Users/artim/Documents/GEOG_596/img_output\18TXM705965_mask.shp,Id,-1,-1,C:/Users/artim/Documents/GEOG_596/img_output\18TXM705980_mask.shp,Id,-1,-1,C:/Users/artim/Documents/GEOG_596/img_output\18TXM705995_mask.shp,Id,-1,-1,C:/Users/artim/Documents/GEOG_596/img_output\18TXM720770_mask.shp,Id,-1,-1,C:/Users/artim/Documents/GEOG_596/img_output\18TXM720785_mask.shp,Id,-1,-1,C:/Users/artim/Documents/GEOG_596/img_output\18TXM720875_mask.shp,Id,-1,-1,C:/Users/artim/Documents/GEOG_596/img_output\18TXM720890_mask.shp,Id,-1,-1,C:/Users/artim/Documents/GEOG_596/img_output\18TXM720905_mask.shp,Id,-1,-1,C:/Users/artim/Documents/GEOG_596/img_output\18TXM720920_mask.shp,Id,-1,-1,C:/Users/artim/Documents/GEOG_596/img_output\18TXM720935_mask.shp,Id,-1,-1,C:/Users/artim/Documents/GEOG_596/img_output\18TXM720950_mask.shp,Id,-1,-1,C:/Users/artim/Documents/GEOG_596/img_output\18TXM720965_mask.shp,Id,-1,-1,C:/Users/artim/Documents/GEOG_596/img_output\18TXM720980_mask.shp,Id,-1,-1,C:/Users/artim/Documents/GEOG_596/img_output\18TXM720995_mask.shp,Id,-1,-1,C:/Users/artim/Documents/GEOG_596/img_output\18TXM735755_mask.shp,Id,-1,-1,C:/Users/artim/Documents/GEOG_596/img_output\18TXM735770_mask.shp,Id,-1,-1,C:/Users/artim/Documents/GEOG_596/img_output\18TXM735785_mask.shp,Id,-1,-1,C:/Users/artim/Documents/GEOG_596/img_output\18TXM735800_mask.shp,Id,-1,-1,C:/Users/artim/Documents/GEOG_596/img_output\18TXM735815_mask.shp,Id,-1,-1,C:/Users/artim/Documents/GEOG_596/img_output\18TXM735830_mask.shp,Id,-1,-1,C:/Users/artim/Documents/GEOG_596/img_output\18TXM735845_mask.shp,Id,-1,-1,C:/Users/artim/Documents/GEOG_596/img_output\18TXM735860_mask.shp,Id,-1,-1,C:/Users/artim/Documents/GEOG_596/img_output\18TXM735875_mask.shp,Id,-1,-1,C:/Users/artim/Documents/GEOG_596/img_output\18TXM735890_mask.shp,Id,-1,-1,C:/Users/artim/Documents/GEOG_596/img_output\18TXM735905_mask.shp,Id,-1,-1,C:/Users/artim/Documents/GEOG_596/img_output\18TXM735920_mask.shp,Id,-1,-1,C:/Users/artim/Documents/GEOG_596/img_output\18TXM735935_mask.shp,Id,-1,-1,C:/Users/artim/Documents/GEOG_596/img_output\18TXM735950_mask.shp,Id,-1,-1,C:/Users/artim/Documents/GEOG_596/img_output\18TXM735965_mask.shp,Id,-1,-1,C:/Users/artim/Documents/GEOG_596/img_output\18TXM735980_mask.shp,Id,-1,-1,C:/Users/artim/Documents/GEOG_596/img_output\18TXM735995_mask.shp,Id,-1,-1,C:/Users/artim/Documents/GEOG_596/img_output\18TXM750755_mask.shp,Id,-1,-1,C:/Users/artim/Documents/GEOG_596/img_output\18TXM750770_mask.shp,Id,-1,-1,C:/Users/artim/Documents/GEOG_596/img_output\18TXM750785_mask.shp,Id,-1,-1,C:/Users/artim/Documents/GEOG_596/img_output\18TXM750800_mask.shp,Id,-1,-1,C:/Users/artim/Documents/GEOG_596/img_output\18TXM750815_mask.shp,Id,-1,-1,C:/Users/artim/Documents/GEOG_596/img_output\18TXM750830_mask.shp,Id,-1,-1,C:/Users/artim/Documents/GEOG_596/img_output\18TXM750845_mask.shp,Id,-1,-1,C:/Users/artim/Documents/GEOG_596/img_output\18TXM750860_mask.shp,Id,-1,-1,C:/Users/artim/Documents/GEOG_596/img_output\18TXM750875_mask.shp,Id,-1,-1,C:/Users/artim/Documents/GEOG_596/img_output\18TXM750890_mask.shp,Id,-1,-1,C:/Users/artim/Documents/GEOG_596/img_output\18TXM750905_mask.shp,Id,-1,-1,C:/Users/artim/Documents/GEOG_596/img_output\18TXM750920_mask.shp,Id,-1,-1,C:/Users/artim/Documents/GEOG_596/img_output\18TXM750935_mask.shp,Id,-1,-1,C:/Users/artim/Documents/GEOG_596/img_output\18TXM750950_mask.shp,Id,-1,-1,C:/Users/artim/Documents/GEOG_596/img_output\18TXM750965_mask.shp,Id,-1,-1,C:/Users/artim/Documents/GEOG_596/img_output\18TXM750980_mask.shp,Id,-1,-1,C:/Users/artim/Documents/GEOG_596/img_output\18TXM750995_mask.shp,Id,-1,-1,C:/Users/artim/Documents/GEOG_596/img_output\18TXM765770_mask.shp,Id,-1,-1,C:/Users/artim/Documents/GEOG_596/img_output\18TXM765785_mask.shp,Id,-1,-1,C:/Users/artim/Documents/GEOG_596/img_output\18TXM765800_mask.shp,Id,-1,-1,C:/Users/artim/Documents/GEOG_596/img_output\18TXM765815_mask.shp,Id,-1,-1,C:/Users/artim/Documents/GEOG_596/img_output\18TXM765830_mask.shp,Id,-1,-1,C:/Users/artim/Documents/GEOG_596/img_output\18TXM765845_mask.shp,Id,-1,-1,C:/Users/artim/Documents/GEOG_596/img_output\18TXM765860_mask.shp,Id,-1,-1,C:/Users/artim/Documents/GEOG_596/img_output\18TXM765875_mask.shp,Id,-1,-1,C:/Users/artim/Documents/GEOG_596/img_output\18TXM765890_mask.shp,Id,-1,-1,C:/Users/artim/Documents/GEOG_596/img_output\18TXM765905_mask.shp,Id,-1,-1,C:/Users/artim/Documents/GEOG_596/img_output\18TXM765920_mask.shp,Id,-1,-1,C:/Users/artim/Documents/GEOG_596/img_output\18TXM765935_mask.shp,Id,-1,-1,C:/Users/artim/Documents/GEOG_596/img_output\18TXM765950_mask.shp,Id,-1,-1,C:/Users/artim/Documents/GEOG_596/img_output\18TXM765965_mask.shp,Id,-1,-1,C:/Users/artim/Documents/GEOG_596/img_output\18TXM765980_mask.shp,Id,-1,-1,C:/Users/artim/Documents/GEOG_596/img_output\18TXM765995_mask.shp,Id,-1,-1,C:/Users/artim/Documents/GEOG_596/img_output\18TXM780785_mask.shp,Id,-1,-1,C:/Users/artim/Documents/GEOG_596/img_output\18TXM780800_mask.shp,Id,-1,-1,C:/Users/artim/Documents/GEOG_596/img_output\18TXM780815_mask.shp,Id,-1,-1,C:/Users/artim/Documents/GEOG_596/img_output\18TXM780830_mask.shp,Id,-1,-1,C:/Users/artim/Documents/GEOG_596/img_output\18TXM780845_mask.shp,Id,-1,-1,C:/Users/artim/Documents/GEOG_596/img_output\18TXM780860_mask.shp,Id,-1,-1,C:/Users/artim/Documents/GEOG_596/img_output\18TXM780875_mask.shp,Id,-1,-1,C:/Users/artim/Documents/GEOG_596/img_output\18TXM780890_mask.shp,Id,-1,-1,C:/Users/artim/Documents/GEOG_596/img_output\18TXM780905_mask.shp,Id,-1,-1,C:/Users/artim/Documents/GEOG_596/img_output\18TXM780920_mask.shp,Id,-1,-1,C:/Users/artim/Documents/GEOG_596/img_output\18TXM780935_mask.shp,Id,-1,-1,C:/Users/artim/Documents/GEOG_596/img_output\18TXM780950_mask.shp,Id,-1,-1,C:/Users/artim/Documents/GEOG_596/img_output\18TXM780965_mask.shp,Id,-1,-1,C:/Users/artim/Documents/GEOG_596/img_output\18TXM780980_mask.shp,Id,-1,-1,C:/Users/artim/Documents/GEOG_596/img_output\18TXM780995_mask.shp,Id,-1,-1,C:/Users/artim/Documents/GEOG_596/img_output\18TXM795770_mask.shp,Id,-1,-1,C:/Users/artim/Documents/GEOG_596/img_output\18TXM795785_mask.shp,Id,-1,-1,C:/Users/artim/Documents/GEOG_596/img_output\18TXM795800_mask.shp,Id,-1,-1,C:/Users/artim/Documents/GEOG_596/img_output\18TXM795815_mask.shp,Id,-1,-1,C:/Users/artim/Documents/GEOG_596/img_output\18TXM795830_mask.shp,Id,-1,-1,C:/Users/artim/Documents/GEOG_596/img_output\18TXM795845_mask.shp,Id,-1,-1,C:/Users/artim/Documents/GEOG_596/img_output\18TXM795860_mask.shp,Id,-1,-1,C:/Users/artim/Documents/GEOG_596/img_output\18TXM795875_mask.shp,Id,-1,-1,C:/Users/artim/Documents/GEOG_596/img_output\18TXM795890_mask.shp,Id,-1,-1,C:/Users/artim/Documents/GEOG_596/img_output\18TXM795905_mask.shp,Id,-1,-1,C:/Users/artim/Documents/GEOG_596/img_output\18TXM795920_mask.shp,Id,-1,-1,C:/Users/artim/Documents/GEOG_596/img_output\18TXM795935_mask.shp,Id,-1,-1,C:/Users/artim/Documents/GEOG_596/img_output\18TXM795950_mask.shp,Id,-1,-1,C:/Users/artim/Documents/GEOG_596/img_output\18TXM795965_mask.shp,Id,-1,-1,C:/Users/artim/Documents/GEOG_596/img_output\18TXM795980_mask.shp,Id,-1,-1,C:/Users/artim/Documents/GEOG_596/img_output\18TXM795995_mask.shp,Id,-1,-1,C:/Users/artim/Documents/GEOG_596/img_output\18TXM810755_mask.shp,Id,-1,-1,C:/Users/artim/Documents/GEOG_596/img_output\18TXM810770_mask.shp,Id,-1,-1,C:/Users/artim/Documents/GEOG_596/img_output\18TXM810785_mask.shp,Id,-1,-1,C:/Users/artim/Documents/GEOG_596/img_output\18TXM810800_mask.shp,Id,-1,-1,C:/Users/artim/Documents/GEOG_596/img_output\18TXM810815_mask.shp,Id,-1,-1,C:/Users/artim/Documents/GEOG_596/img_output\18TXM810830_mask.shp,Id,-1,-1,C:/Users/artim/Documents/GEOG_596/img_output\18TXM810845_mask.shp,Id,-1,-1,C:/Users/artim/Documents/GEOG_596/img_output\18TXM810860_mask.shp,Id,-1,-1,C:/Users/artim/Documents/GEOG_596/img_output\18TXM810875_mask.shp,Id,-1,-1,C:/Users/artim/Documents/GEOG_596/img_output\18TXM810890_mask.shp,Id,-1,-1,C:/Users/artim/Documents/GEOG_596/img_output\18TXM810905_mask.shp,Id,-1,-1,C:/Users/artim/Documents/GEOG_596/img_output\18TXM810920_mask.shp,Id,-1,-1,C:/Users/artim/Documents/GEOG_596/img_output\18TXM810935_mask.shp,Id,-1,-1,C:/Users/artim/Documents/GEOG_596/img_output\18TXM810950_mask.shp,Id,-1,-1,C:/Users/artim/Documents/GEOG_596/img_output\18TXM810965_mask.shp,Id,-1,-1,C:/Users/artim/Documents/GEOG_596/img_output\18TXM810980_mask.shp,Id,-1,-1,C:/Users/artim/Documents/GEOG_596/img_output\18TXM810995_mask.shp,Id,-1,-1,C:/Users/artim/Documents/GEOG_596/img_output\18TXM825740_mask.shp,Id,-1,-1,C:/Users/artim/Documents/GEOG_596/img_output\18TXM825755_mask.shp,Id,-1,-1,C:/Users/artim/Documents/GEOG_596/img_output\18TXM825770_mask.shp,Id,-1,-1,C:/Users/artim/Documents/GEOG_596/img_output\18TXM825785_mask.shp,Id,-1,-1,C:/Users/artim/Documents/GEOG_596/img_output\18TXM825800_mask.shp,Id,-1,-1,C:/Users/artim/Documents/GEOG_596/img_output\18TXM825815_mask.shp,Id,-1,-1,C:/Users/artim/Documents/GEOG_596/img_output\18TXM825830_mask.shp,Id,-1,-1,C:/Users/artim/Documents/GEOG_596/img_output\18TXM825845_mask.shp,Id,-1,-1,C:/Users/artim/Documents/GEOG_596/img_output\18TXM825860_mask.shp,Id,-1,-1,C:/Users/artim/Documents/GEOG_596/img_output\18TXM825875_mask.shp,Id,-1,-1,C:/Users/artim/Documents/GEOG_596/img_output\18TXM825890_mask.shp,Id,-1,-1,C:/Users/artim/Documents/GEOG_596/img_output\18TXM825905_mask.shp,Id,-1,-1,C:/Users/artim/Documents/GEOG_596/img_output\18TXM825920_mask.shp,Id,-1,-1,C:/Users/artim/Documents/GEOG_596/img_output\18TXM825935_mask.shp,Id,-1,-1,C:/Users/artim/Documents/GEOG_596/img_output\18TXM825950_mask.shp,Id,-1,-1,C:/Users/artim/Documents/GEOG_596/img_output\18TXM825965_mask.shp,Id,-1,-1,C:/Users/artim/Documents/GEOG_596/img_output\18TXM825980_mask.shp,Id,-1,-1,C:/Users/artim/Documents/GEOG_596/img_output\18TXM825995_mask.shp,Id,-1,-1;gridcode "gridcode" true true false 10 Long 0 10,First,#,C:/Users/artim/Documents/GEOG_596/img_output\18TXM585875_mask.shp,gridcode,-1,-1,C:/Users/artim/Documents/GEOG_596/img_output\18TXM585890_mask.shp,gridcode,-1,-1,C:/Users/artim/Documents/GEOG_596/img_output\18TXM585905_mask.shp,gridcode,-1,-1,C:/Users/artim/Documents/GEOG_596/img_output\18TXM585920_mask.shp,gridcode,-1,-1,C:/Users/artim/Documents/GEOG_596/img_output\18TXM585935_mask.shp,gridcode,-1,-1,C:/Users/artim/Documents/GEOG_596/img_output\18TXM600860_mask.shp,gridcode,-1,-1,C:/Users/artim/Documents/GEOG_596/img_output\18TXM600875_mask.shp,gridcode,-1,-1,C:/Users/artim/Documents/GEOG_596/img_output\18TXM600890_mask.shp,gridcode,-1,-1,C:/Users/artim/Documents/GEOG_596/img_output\18TXM600905_mask.shp,gridcode,-1,-1,C:/Users/artim/Documents/GEOG_596/img_output\18TXM600920_mask.shp,gridcode,-1,-1,C:/Users/artim/Documents/GEOG_596/img_output\18TXM600935_mask.shp,gridcode,-1,-1,C:/Users/artim/Documents/GEOG_596/img_output\18TXM615845_mask.shp,gridcode,-1,-1,C:/Users/artim/Documents/GEOG_596/img_output\18TXM615860_mask.shp,gridcode,-1,-1,C:/Users/artim/Documents/GEOG_596/img_output\18TXM615875_mask.shp,gridcode,-1,-1,C:/Users/artim/Documents/GEOG_596/img_output\18TXM615890_mask.shp,gridcode,-1,-1,C:/Users/artim/Documents/GEOG_596/img_output\18TXM615905_mask.shp,gridcode,-1,-1,C:/Users/artim/Documents/GEOG_596/img_output\18TXM615920_mask.shp,gridcode,-1,-1,C:/Users/artim/Documents/GEOG_596/img_output\18TXM615935_mask.shp,gridcode,-1,-1,C:/Users/artim/Documents/GEOG_596/img_output\18TXM630845_mask.shp,gridcode,-1,-1,C:/Users/artim/Documents/GEOG_596/img_output\18TXM630860_mask.shp,gridcode,-1,-1,C:/Users/artim/Documents/GEOG_596/img_output\18TXM630875_mask.shp,gridcode,-1,-1,C:/Users/artim/Documents/GEOG_596/img_output\18TXM630890_mask.shp,gridcode,-1,-1,C:/Users/artim/Documents/GEOG_596/img_output\18TXM630905_mask.shp,gridcode,-1,-1,C:/Users/artim/Documents/GEOG_596/img_output\18TXM630920_mask.shp,gridcode,-1,-1,C:/Users/artim/Documents/GEOG_596/img_output\18TXM630935_mask.shp,gridcode,-1,-1,C:/Users/artim/Documents/GEOG_596/img_output\18TXM630950_mask.shp,gridcode,-1,-1,C:/Users/artim/Documents/GEOG_596/img_output\18TXM630965_mask.shp,gridcode,-1,-1,C:/Users/artim/Documents/GEOG_596/img_output\18TXM630980_mask.shp,gridcode,-1,-1,C:/Users/artim/Documents/GEOG_596/img_output\18TXM645845_mask.shp,gridcode,-1,-1,C:/Users/artim/Documents/GEOG_596/img_output\18TXM645860_mask.shp,gridcode,-1,-1,C:/Users/artim/Documents/GEOG_596/img_output\18TXM645875_mask.shp,gridcode,-1,-1,C:/Users/artim/Documents/GEOG_596/img_output\18TXM645890_mask.shp,gridcode,-1,-1,C:/Users/artim/Documents/GEOG_596/img_output\18TXM645905_mask.shp,gridcode,-1,-1,C:/Users/artim/Documents/GEOG_596/img_output\18TXM645920_mask.shp,gridcode,-1,-1,C:/Users/artim/Documents/GEOG_596/img_output\18TXM645935_mask.shp,gridcode,-1,-1,C:/Users/artim/Documents/GEOG_596/img_output\18TXM645950_mask.shp,gridcode,-1,-1,C:/Users/artim/Documents/GEOG_596/img_output\18TXM645965_mask.shp,gridcode,-1,-1,C:/Users/artim/Documents/GEOG_596/img_output\18TXM645980_mask.shp,gridcode,-1,-1,C:/Users/artim/Documents/GEOG_596/img_output\18TXM645995_mask.shp,gridcode,-1,-1,C:/Users/artim/Documents/GEOG_596/img_output\18TXM660875_mask.shp,gridcode,-1,-1,C:/Users/artim/Documents/GEOG_596/img_output\18TXM660890_mask.shp,gridcode,-1,-1,C:/Users/artim/Documents/GEOG_596/img_output\18TXM660905_mask.shp,gridcode,-1,-1,C:/Users/artim/Documents/GEOG_596/img_output\18TXM660920_mask.shp,gridcode,-1,-1,C:/Users/artim/Documents/GEOG_596/img_output\18TXM660935_mask.shp,gridcode,-1,-1,C:/Users/artim/Documents/GEOG_596/img_output\18TXM660950_mask.shp,gridcode,-1,-1,C:/Users/artim/Documents/GEOG_596/img_output\18TXM660965_mask.shp,gridcode,-1,-1,C:/Users/artim/Documents/GEOG_596/img_output\18TXM660980_mask.shp,gridcode,-1,-1,C:/Users/artim/Documents/GEOG_596/img_output\18TXM660995_mask.shp,gridcode,-1,-1,C:/Users/artim/Documents/GEOG_596/img_output\18TXM675875_mask.shp,gridcode,-1,-1,C:/Users/artim/Documents/GEOG_596/img_output\18TXM675890_mask.shp,gridcode,-1,-1,C:/Users/artim/Documents/GEOG_596/img_output\18TXM675905_mask.shp,gridcode,-1,-1,C:/Users/artim/Documents/GEOG_596/img_output\18TXM675920_mask.shp,gridcode,-1,-1,C:/Users/artim/Documents/GEOG_596/img_output\18TXM675935_mask.shp,gridcode,-1,-1,C:/Users/artim/Documents/GEOG_596/img_output\18TXM675950_mask.shp,gridcode,-1,-1,C:/Users/artim/Documents/GEOG_596/img_output\18TXM675965_mask.shp,gridcode,-1,-1,C:/Users/artim/Documents/GEOG_596/img_output\18TXM675980_mask.shp,gridcode,-1,-1,C:/Users/artim/Documents/GEOG_596/img_output\18TXM675995_mask.shp,gridcode,-1,-1,C:/Users/artim/Documents/GEOG_596/img_output\18TXM690890_mask.shp,gridcode,-1,-1,C:/Users/artim/Documents/GEOG_596/img_output\18TXM690905_mask.shp,gridcode,-1,-1,C:/Users/artim/Documents/GEOG_596/img_output\18TXM690920_mask.shp,gridcode,-1,-1,C:/Users/artim/Documents/GEOG_596/img_output\18TXM690935_mask.shp,gridcode,-1,-1,C:/Users/artim/Documents/GEOG_596/img_output\18TXM690950_mask.shp,gridcode,-1,-1,C:/Users/artim/Documents/GEOG_596/img_output\18TXM690965_mask.shp,gridcode,-1,-1,C:/Users/artim/Documents/GEOG_596/img_output\18TXM690980_mask.shp,gridcode,-1,-1,C:/Users/artim/Documents/GEOG_596/img_output\18TXM690995_mask.shp,gridcode,-1,-1,C:/Users/artim/Documents/GEOG_596/img_output\18TXM705890_mask.shp,gridcode,-1,-1,C:/Users/artim/Documents/GEOG_596/img_output\18TXM705905_mask.shp,gridcode,-1,-1,C:/Users/artim/Documents/GEOG_596/img_output\18TXM705920_mask.shp,gridcode,-1,-1,C:/Users/artim/Documents/GEOG_596/img_output\18TXM705935_mask.shp,gridcode,-1,-1,C:/Users/artim/Documents/GEOG_596/img_output\18TXM705950_mask.shp,gridcode,-1,-1,C:/Users/artim/Documents/GEOG_596/img_output\18TXM705965_mask.shp,gridcode,-1,-1,C:/Users/artim/Documents/GEOG_596/img_output\18TXM705980_mask.shp,gridcode,-1,-1,C:/Users/artim/Documents/GEOG_596/img_output\18TXM705995_mask.shp,gridcode,-1,-1,C:/Users/artim/Documents/GEOG_596/img_output\18TXM720770_mask.shp,gridcode,-1,-1,C:/Users/artim/Documents/GEOG_596/img_output\18TXM720785_mask.shp,gridcode,-1,-1,C:/Users/artim/Documents/GEOG_596/img_output\18TXM720875_mask.shp,gridcode,-1,-1,C:/Users/artim/Documents/GEOG_596/img_output\18TXM720890_mask.shp,gridcode,-1,-1,C:/Users/artim/Documents/GEOG_596/img_output\18TXM720905_mask.shp,gridcode,-1,-1,C:/Users/artim/Documents/GEOG_596/img_output\18TXM720920_mask.shp,gridcode,-1,-1,C:/Users/artim/Documents/GEOG_596/img_output\18TXM720935_mask.shp,gridcode,-1,-1,C:/Users/artim/Documents/GEOG_596/img_output\18TXM720950_mask.shp,gridcode,-1,-1,C:/Users/artim/Documents/GEOG_596/img_output\18TXM720965_mask.shp,gridcode,-1,-1,C:/Users/artim/Documents/GEOG_596/img_output\18TXM720980_mask.shp,gridcode,-1,-1,C:/Users/artim/Documents/GEOG_596/img_output\18TXM720995_mask.shp,gridcode,-1,-1,C:/Users/artim/Documents/GEOG_596/img_output\18TXM735755_mask.shp,gridcode,-1,-1,C:/Users/artim/Documents/GEOG_596/img_output\18TXM735770_mask.shp,gridcode,-1,-1,C:/Users/artim/Documents/GEOG_596/img_output\18TXM735785_mask.shp,gridcode,-1,-1,C:/Users/artim/Documents/GEOG_596/img_output\18TXM735800_mask.shp,gridcode,-1,-1,C:/Users/artim/Documents/GEOG_596/img_output\18TXM735815_mask.shp,gridcode,-1,-1,C:/Users/artim/Documents/GEOG_596/img_output\18TXM735830_mask.shp,gridcode,-1,-1,C:/Users/artim/Documents/GEOG_596/img_output\18TXM735845_mask.shp,gridcode,-1,-1,C:/Users/artim/Documents/GEOG_596/img_output\18TXM735860_mask.shp,gridcode,-1,-1,C:/Users/artim/Documents/GEOG_596/img_output\18TXM735875_mask.shp,gridcode,-1,-1,C:/Users/artim/Documents/GEOG_596/img_output\18TXM735890_mask.shp,gridcode,-1,-1,C:/Users/artim/Documents/GEOG_596/img_output\18TXM735905_mask.shp,gridcode,-1,-1,C:/Users/artim/Documents/GEOG_596/img_output\18TXM735920_mask.shp,gridcode,-1,-1,C:/Users/artim/Documents/GEOG_596/img_output\18TXM735935_mask.shp,gridcode,-1,-1,C:/Users/artim/Documents/GEOG_596/img_output\18TXM735950_mask.shp,gridcode,-1,-1,C:/Users/artim/Documents/GEOG_596/img_output\18TXM735965_mask.shp,gridcode,-1,-1,C:/Users/artim/Documents/GEOG_596/img_output\18TXM735980_mask.shp,gridcode,-1,-1,C:/Users/artim/Documents/GEOG_596/img_output\18TXM735995_mask.shp,gridcode,-1,-1,C:/Users/artim/Documents/GEOG_596/img_output\18TXM750755_mask.shp,gridcode,-1,-1,C:/Users/artim/Documents/GEOG_596/img_output\18TXM750770_mask.shp,gridcode,-1,-1,C:/Users/artim/Documents/GEOG_596/img_output\18TXM750785_mask.shp,gridcode,-1,-1,C:/Users/artim/Documents/GEOG_596/img_output\18TXM750800_mask.shp,gridcode,-1,-1,C:/Users/artim/Documents/GEOG_596/img_output\18TXM750815_mask.shp,gridcode,-1,-1,C:/Users/artim/Documents/GEOG_596/img_output\18TXM750830_mask.shp,gridcode,-1,-1,C:/Users/artim/Documents/GEOG_596/img_output\18TXM750845_mask.shp,gridcode,-1,-1,C:/Users/artim/Documents/GEOG_596/img_output\18TXM750860_mask.shp,gridcode,-1,-1,C:/Users/artim/Documents/GEOG_596/img_output\18TXM750875_mask.shp,gridcode,-1,-1,C:/Users/artim/Documents/GEOG_596/img_output\18TXM750890_mask.shp,gridcode,-1,-1,C:/Users/artim/Documents/GEOG_596/img_output\18TXM750905_mask.shp,gridcode,-1,-1,C:/Users/artim/Documents/GEOG_596/img_output\18TXM750920_mask.shp,gridcode,-1,-1,C:/Users/artim/Documents/GEOG_596/img_output\18TXM750935_mask.shp,gridcode,-1,-1,C:/Users/artim/Documents/GEOG_596/img_output\18TXM750950_mask.shp,gridcode,-1,-1,C:/Users/artim/Documents/GEOG_596/img_output\18TXM750965_mask.shp,gridcode,-1,-1,C:/Users/artim/Documents/GEOG_596/img_output\18TXM750980_mask.shp,gridcode,-1,-1,C:/Users/artim/Documents/GEOG_596/img_output\18TXM750995_mask.shp,gridcode,-1,-1,C:/Users/artim/Documents/GEOG_596/img_output\18TXM765770_mask.shp,gridcode,-1,-1,C:/Users/artim/Documents/GEOG_596/img_output\18TXM765785_mask.shp,gridcode,-1,-1,C:/Users/artim/Documents/GEOG_596/img_output\18TXM765800_mask.shp,gridcode,-1,-1,C:/Users/artim/Documents/GEOG_596/img_output\18TXM765815_mask.shp,gridcode,-1,-1,C:/Users/artim/Documents/GEOG_596/img_output\18TXM765830_mask.shp,gridcode,-1,-1,C:/Users/artim/Documents/GEOG_596/img_output\18TXM765845_mask.shp,gridcode,-1,-1,C:/Users/artim/Documents/GEOG_596/img_output\18TXM765860_mask.shp,gridcode,-1,-1,C:/Users/artim/Documents/GEOG_596/img_output\18TXM765875_mask.shp,gridcode,-1,-1,C:/Users/artim/Documents/GEOG_596/img_output\18TXM765890_mask.shp,gridcode,-1,-1,C:/Users/artim/Documents/GEOG_596/img_output\18TXM765905_mask.shp,gridcode,-1,-1,C:/Users/artim/Documents/GEOG_596/img_output\18TXM765920_mask.shp,gridcode,-1,-1,C:/Users/artim/Documents/GEOG_596/img_output\18TXM765935_mask.shp,gridcode,-1,-1,C:/Users/artim/Documents/GEOG_596/img_output\18TXM765950_mask.shp,gridcode,-1,-1,C:/Users/artim/Documents/GEOG_596/img_output\18TXM765965_mask.shp,gridcode,-1,-1,C:/Users/artim/Documents/GEOG_596/img_output\18TXM765980_mask.shp,gridcode,-1,-1,C:/Users/artim/Documents/GEOG_596/img_output\18TXM765995_mask.shp,gridcode,-1,-1,C:/Users/artim/Documents/GEOG_596/img_output\18TXM780785_mask.shp,gridcode,-1,-1,C:/Users/artim/Documents/GEOG_596/img_output\18TXM780800_mask.shp,gridcode,-1,-1,C:/Users/artim/Documents/GEOG_596/img_output\18TXM780815_mask.shp,gridcode,-1,-1,C:/Users/artim/Documents/GEOG_596/img_output\18TXM780830_mask.shp,gridcode,-1,-1,C:/Users/artim/Documents/GEOG_596/img_output\18TXM780845_mask.shp,gridcode,-1,-1,C:/Users/artim/Documents/GEOG_596/img_output\18TXM780860_mask.shp,gridcode,-1,-1,C:/Users/artim/Documents/GEOG_596/img_output\18TXM780875_mask.shp,gridcode,-1,-1,C:/Users/artim/Documents/GEOG_596/img_output\18TXM780890_mask.shp,gridcode,-1,-1,C:/Users/artim/Documents/GEOG_596/img_output\18TXM780905_mask.shp,gridcode,-1,-1,C:/Users/artim/Documents/GEOG_596/img_output\18TXM780920_mask.shp,gridcode,-1,-1,C:/Users/artim/Documents/GEOG_596/img_output\18TXM780935_mask.shp,gridcode,-1,-1,C:/Users/artim/Documents/GEOG_596/img_output\18TXM780950_mask.shp,gridcode,-1,-1,C:/Users/artim/Documents/GEOG_596/img_output\18TXM780965_mask.shp,gridcode,-1,-1,C:/Users/artim/Documents/GEOG_596/img_output\18TXM780980_mask.shp,gridcode,-1,-1,C:/Users/artim/Documents/GEOG_596/img_output\18TXM780995_mask.shp,gridcode,-1,-1,C:/Users/artim/Documents/GEOG_596/img_output\18TXM795770_mask.shp,gridcode,-1,-1,C:/Users/artim/Documents/GEOG_596/img_output\18TXM795785_mask.shp,gridcode,-1,-1,C:/Users/artim/Documents/GEOG_596/img_output\18TXM795800_mask.shp,gridcode,-1,-1,C:/Users/artim/Documents/GEOG_596/img_output\18TXM795815_mask.shp,gridcode,-1,-1,C:/Users/artim/Documents/GEOG_596/img_output\18TXM795830_mask.shp,gridcode,-1,-1,C:/Users/artim/Documents/GEOG_596/img_output\18TXM795845_mask.shp,gridcode,-1,-1,C:/Users/artim/Documents/GEOG_596/img_output\18TXM795860_mask.shp,gridcode,-1,-1,C:/Users/artim/Documents/GEOG_596/img_output\18TXM795875_mask.shp,gridcode,-1,-1,C:/Users/artim/Documents/GEOG_596/img_output\18TXM795890_mask.shp,gridcode,-1,-1,C:/Users/artim/Documents/GEOG_596/img_output\18TXM795905_mask.shp,gridcode,-1,-1,C:/Users/artim/Documents/GEOG_596/img_output\18TXM795920_mask.shp,gridcode,-1,-1,C:/Users/artim/Documents/GEOG_596/img_output\18TXM795935_mask.shp,gridcode,-1,-1,C:/Users/artim/Documents/GEOG_596/img_output\18TXM795950_mask.shp,gridcode,-1,-1,C:/Users/artim/Documents/GEOG_596/img_output\18TXM795965_mask.shp,gridcode,-1,-1,C:/Users/artim/Documents/GEOG_596/img_output\18TXM795980_mask.shp,gridcode,-1,-1,C:/Users/artim/Documents/GEOG_596/img_output\18TXM795995_mask.shp,gridcode,-1,-1,C:/Users/artim/Documents/GEOG_596/img_output\18TXM810755_mask.shp,gridcode,-1,-1,C:/Users/artim/Documents/GEOG_596/img_output\18TXM810770_mask.shp,gridcode,-1,-1,C:/Users/artim/Documents/GEOG_596/img_output\18TXM810785_mask.shp,gridcode,-1,-1,C:/Users/artim/Documents/GEOG_596/img_output\18TXM810800_mask.shp,gridcode,-1,-1,C:/Users/artim/Documents/GEOG_596/img_output\18TXM810815_mask.shp,gridcode,-1,-1,C:/Users/artim/Documents/GEOG_596/img_output\18TXM810830_mask.shp,gridcode,-1,-1,C:/Users/artim/Documents/GEOG_596/img_output\18TXM810845_mask.shp,gridcode,-1,-1,C:/Users/artim/Documents/GEOG_596/img_output\18TXM810860_mask.shp,gridcode,-1,-1,C:/Users/artim/Documents/GEOG_596/img_output\18TXM810875_mask.shp,gridcode,-1,-1,C:/Users/artim/Documents/GEOG_596/img_output\18TXM810890_mask.shp,gridcode,-1,-1,C:/Users/artim/Documents/GEOG_596/img_output\18TXM810905_mask.shp,gridcode,-1,-1,C:/Users/artim/Documents/GEOG_596/img_output\18TXM810920_mask.shp,gridcode,-1,-1,C:/Users/artim/Documents/GEOG_596/img_output\18TXM810935_mask.shp,gridcode,-1,-1,C:/Users/artim/Documents/GEOG_596/img_output\18TXM810950_mask.shp,gridcode,-1,-1,C:/Users/artim/Documents/GEOG_596/img_output\18TXM810965_mask.shp,gridcode,-1,-1,C:/Users/artim/Documents/GEOG_596/img_output\18TXM810980_mask.shp,gridcode,-1,-1,C:/Users/artim/Documents/GEOG_596/img_output\18TXM810995_mask.shp,gridcode,-1,-1,C:/Users/artim/Documents/GEOG_596/img_output\18TXM825740_mask.shp,gridcode,-1,-1,C:/Users/artim/Documents/GEOG_596/img_output\18TXM825755_mask.shp,gridcode,-1,-1,C:/Users/artim/Documents/GEOG_596/img_output\18TXM825770_mask.shp,gridcode,-1,-1,C:/Users/artim/Documents/GEOG_596/img_output\18TXM825785_mask.shp,gridcode,-1,-1,C:/Users/artim/Documents/GEOG_596/img_output\18TXM825800_mask.shp,gridcode,-1,-1,C:/Users/artim/Documents/GEOG_596/img_output\18TXM825815_mask.shp,gridcode,-1,-1,C:/Users/artim/Documents/GEOG_596/img_output\18TXM825830_mask.shp,gridcode,-1,-1,C:/Users/artim/Documents/GEOG_596/img_output\18TXM825845_mask.shp,gridcode,-1,-1,C:/Users/artim/Documents/GEOG_596/img_output\18TXM825860_mask.shp,gridcode,-1,-1,C:/Users/artim/Documents/GEOG_596/img_output\18TXM825875_mask.shp,gridcode,-1,-1,C:/Users/artim/Documents/GEOG_596/img_output\18TXM825890_mask.shp,gridcode,-1,-1,C:/Users/artim/Documents/GEOG_596/img_output\18TXM825905_mask.shp,gridcode,-1,-1,C:/Users/artim/Documents/GEOG_596/img_output\18TXM825920_mask.shp,gridcode,-1,-1,C:/Users/artim/Documents/GEOG_596/img_output\18TXM825935_mask.shp,gridcode,-1,-1,C:/Users/artim/Documents/GEOG_596/img_output\18TXM825950_mask.shp,gridcode,-1,-1,C:/Users/artim/Documents/GEOG_596/img_output\18TXM825965_mask.shp,gridcode,-1,-1,C:/Users/artim/Documents/GEOG_596/img_output\18TXM825980_mask.shp,gridcode,-1,-1,C:/Users/artim/Documents/GEOG_596/img_output\18TXM825995_mask.shp,gridcode,-1,-1;AREA_SQM "AREA_SQM" true true false 7 Float 2 6,First,#,C:/Users/artim/Documents/GEOG_596/img_output\18TXM585875_mask.shp,AREA_SQM,-1,-1,C:/Users/artim/Documents/GEOG_596/img_output\18TXM585890_mask.shp,AREA_SQM,-1,-1,C:/Users/artim/Documents/GEOG_596/img_output\18TXM585905_mask.shp,AREA_SQM,-1,-1,C:/Users/artim/Documents/GEOG_596/img_output\18TXM585920_mask.shp,AREA_SQM,-1,-1,C:/Users/artim/Documents/GEOG_596/img_output\18TXM585935_mask.shp,AREA_SQM,-1,-1,C:/Users/artim/Documents/GEOG_596/img_output\18TXM600860_mask.shp,AREA_SQM,-1,-1,C:/Users/artim/Documents/GEOG_596/img_output\18TXM600875_mask.shp,AREA_SQM,-1,-1,C:/Users/artim/Documents/GEOG_596/img_output\18TXM600890_mask.shp,AREA_SQM,-1,-1,C:/Users/artim/Documents/GEOG_596/img_output\18TXM600905_mask.shp,AREA_SQM,-1,-1,C:/Users/artim/Documents/GEOG_596/img_output\18TXM600920_mask.shp,AREA_SQM,-1,-1,C:/Users/artim/Documents/GEOG_596/img_output\18TXM600935_mask.shp,AREA_SQM,-1,-1,C:/Users/artim/Documents/GEOG_596/img_output\18TXM615845_mask.shp,AREA_SQM,-1,-1,C:/Users/artim/Documents/GEOG_596/img_output\18TXM615860_mask.shp,AREA_SQM,-1,-1,C:/Users/artim/Documents/GEOG_596/img_output\18TXM615875_mask.shp,AREA_SQM,-1,-1,C:/Users/artim/Documents/GEOG_596/img_output\18TXM615890_mask.shp,AREA_SQM,-1,-1,C:/Users/artim/Documents/GEOG_596/img_output\18TXM615905_mask.shp,AREA_SQM,-1,-1,C:/Users/artim/Documents/GEOG_596/img_output\18TXM615920_mask.shp,AREA_SQM,-1,-1,C:/Users/artim/Documents/GEOG_596/img_output\18TXM615935_mask.shp,AREA_SQM,-1,-1,C:/Users/artim/Documents/GEOG_596/img_output\18TXM630845_mask.shp,AREA_SQM,-1,-1,C:/Users/artim/Documents/GEOG_596/img_output\18TXM630860_mask.shp,AREA_SQM,-1,-1,C:/Users/artim/Documents/GEOG_596/img_output\18TXM630875_mask.shp,AREA_SQM,-1,-1,C:/Users/artim/Documents/GEOG_596/img_output\18TXM630890_mask.shp,AREA_SQM,-1,-1,C:/Users/artim/Documents/GEOG_596/img_output\18TXM630905_mask.shp,AREA_SQM,-1,-1,C:/Users/artim/Documents/GEOG_596/img_output\18TXM630920_mask.shp,AREA_SQM,-1,-1,C:/Users/artim/Documents/GEOG_596/img_output\18TXM630935_mask.shp,AREA_SQM,-1,-1,C:/Users/artim/Documents/GEOG_596/img_output\18TXM630950_mask.shp,AREA_SQM,-1,-1,C:/Users/artim/Documents/GEOG_596/img_output\18TXM630965_mask.shp,AREA_SQM,-1,-1,C:/Users/artim/Documents/GEOG_596/img_output\18TXM630980_mask.shp,AREA_SQM,-1,-1,C:/Users/artim/Documents/GEOG_596/img_output\18TXM645845_mask.shp,AREA_SQM,-1,-1,C:/Users/artim/Documents/GEOG_596/img_output\18TXM645860_mask.shp,AREA_SQM,-1,-1,C:/Users/artim/Documents/GEOG_596/img_output\18TXM645875_mask.shp,AREA_SQM,-1,-1,C:/Users/artim/Documents/GEOG_596/img_output\18TXM645890_mask.shp,AREA_SQM,-1,-1,C:/Users/artim/Documents/GEOG_596/img_output\18TXM645905_mask.shp,AREA_SQM,-1,-1,C:/Users/artim/Documents/GEOG_596/img_output\18TXM645920_mask.shp,AREA_SQM,-1,-1,C:/Users/artim/Documents/GEOG_596/img_output\18TXM645935_mask.shp,AREA_SQM,-1,-1,C:/Users/artim/Documents/GEOG_596/img_output\18TXM645950_mask.shp,AREA_SQM,-1,-1,C:/Users/artim/Documents/GEOG_596/img_output\18TXM645965_mask.shp,AREA_SQM,-1,-1,C:/Users/artim/Documents/GEOG_596/img_output\18TXM645980_mask.shp,AREA_SQM,-1,-1,C:/Users/artim/Documents/GEOG_596/img_output\18TXM645995_mask.shp,AREA_SQM,-1,-1,C:/Users/artim/Documents/GEOG_596/img_output\18TXM660875_mask.shp,AREA_SQM,-1,-1,C:/Users/artim/Documents/GEOG_596/img_output\18TXM660890_mask.shp,AREA_SQM,-1,-1,C:/Users/artim/Documents/GEOG_596/img_output\18TXM660905_mask.shp,AREA_SQM,-1,-1,C:/Users/artim/Documents/GEOG_596/img_output\18TXM660920_mask.shp,AREA_SQM,-1,-1,C:/Users/artim/Documents/GEOG_596/img_output\18TXM660935_mask.shp,AREA_SQM,-1,-1,C:/Users/artim/Documents/GEOG_596/img_output\18TXM660950_mask.shp,AREA_SQM,-1,-1,C:/Users/artim/Documents/GEOG_596/img_output\18TXM660965_mask.shp,AREA_SQM,-1,-1,C:/Users/artim/Documents/GEOG_596/img_output\18TXM660980_mask.shp,AREA_SQM,-1,-1,C:/Users/artim/Documents/GEOG_596/img_output\18TXM660995_mask.shp,AREA_SQM,-1,-1,C:/Users/artim/Documents/GEOG_596/img_output\18TXM675875_mask.shp,AREA_SQM,-1,-1,C:/Users/artim/Documents/GEOG_596/img_output\18TXM675890_mask.shp,AREA_SQM,-1,-1,C:/Users/artim/Documents/GEOG_596/img_output\18TXM675905_mask.shp,AREA_SQM,-1,-1,C:/Users/artim/Documents/GEOG_596/img_output\18TXM675920_mask.shp,AREA_SQM,-1,-1,C:/Users/artim/Documents/GEOG_596/img_output\18TXM675935_mask.shp,AREA_SQM,-1,-1,C:/Users/artim/Documents/GEOG_596/img_output\18TXM675950_mask.shp,AREA_SQM,-1,-1,C:/Users/artim/Documents/GEOG_596/img_output\18TXM675965_mask.shp,AREA_SQM,-1,-1,C:/Users/artim/Documents/GEOG_596/img_output\18TXM675980_mask.shp,AREA_SQM,-1,-1,C:/Users/artim/Documents/GEOG_596/img_output\18TXM675995_mask.shp,AREA_SQM,-1,-1,C:/Users/artim/Documents/GEOG_596/img_output\18TXM690890_mask.shp,AREA_SQM,-1,-1,C:/Users/artim/Documents/GEOG_596/img_output\18TXM690905_mask.shp,AREA_SQM,-1,-1,C:/Users/artim/Documents/GEOG_596/img_output\18TXM690920_mask.shp,AREA_SQM,-1,-1,C:/Users/artim/Documents/GEOG_596/img_output\18TXM690935_mask.shp,AREA_SQM,-1,-1,C:/Users/artim/Documents/GEOG_596/img_output\18TXM690950_mask.shp,AREA_SQM,-1,-1,C:/Users/artim/Documents/GEOG_596/img_output\18TXM690965_mask.shp,AREA_SQM,-1,-1,C:/Users/artim/Documents/GEOG_596/img_output\18TXM690980_mask.shp,AREA_SQM,-1,-1,C:/Users/artim/Documents/GEOG_596/img_output\18TXM690995_mask.shp,AREA_SQM,-1,-1,C:/Users/artim/Documents/GEOG_596/img_output\18TXM705890_mask.shp,AREA_SQM,-1,-1,C:/Users/artim/Documents/GEOG_596/img_output\18TXM705905_mask.shp,AREA_SQM,-1,-1,C:/Users/artim/Documents/GEOG_596/img_output\18TXM705920_mask.shp,AREA_SQM,-1,-1,C:/Users/artim/Documents/GEOG_596/img_output\18TXM705935_mask.shp,AREA_SQM,-1,-1,C:/Users/artim/Documents/GEOG_596/img_output\18TXM705950_mask.shp,AREA_SQM,-1,-1,C:/Users/artim/Documents/GEOG_596/img_output\18TXM705965_mask.shp,AREA_SQM,-1,-1,C:/Users/artim/Documents/GEOG_596/img_output\18TXM705980_mask.shp,AREA_SQM,-1,-1,C:/Users/artim/Documents/GEOG_596/img_output\18TXM705995_mask.shp,AREA_SQM,-1,-1,C:/Users/artim/Documents/GEOG_596/img_output\18TXM720770_mask.shp,AREA_SQM,-1,-1,C:/Users/artim/Documents/GEOG_596/img_output\18TXM720785_mask.shp,AREA_SQM,-1,-1,C:/Users/artim/Documents/GEOG_596/img_output\18TXM720875_mask.shp,AREA_SQM,-1,-1,C:/Users/artim/Documents/GEOG_596/img_output\18TXM720890_mask.shp,AREA_SQM,-1,-1,C:/Users/artim/Documents/GEOG_596/img_output\18TXM720905_mask.shp,AREA_SQM,-1,-1,C:/Users/artim/Documents/GEOG_596/img_output\18TXM720920_mask.shp,AREA_SQM,-1,-1,C:/Users/artim/Documents/GEOG_596/img_output\18TXM720935_mask.shp,AREA_SQM,-1,-1,C:/Users/artim/Documents/GEOG_596/img_output\18TXM720950_mask.shp,AREA_SQM,-1,-1,C:/Users/artim/Documents/GEOG_596/img_output\18TXM720965_mask.shp,AREA_SQM,-1,-1,C:/Users/artim/Documents/GEOG_596/img_output\18TXM720980_mask.shp,AREA_SQM,-1,-1,C:/Users/artim/Documents/GEOG_596/img_output\18TXM720995_mask.shp,AREA_SQM,-1,-1,C:/Users/artim/Documents/GEOG_596/img_output\18TXM735755_mask.shp,AREA_SQM,-1,-1,C:/Users/artim/Documents/GEOG_596/img_output\18TXM735770_mask.shp,AREA_SQM,-1,-1,C:/Users/artim/Documents/GEOG_596/img_output\18TXM735785_mask.shp,AREA_SQM,-1,-1,C:/Users/artim/Documents/GEOG_596/img_output\18TXM735800_mask.shp,AREA_SQM,-1,-1,C:/Users/artim/Documents/GEOG_596/img_output\18TXM735815_mask.shp,AREA_SQM,-1,-1,C:/Users/artim/Documents/GEOG_596/img_output\18TXM735830_mask.shp,AREA_SQM,-1,-1,C:/Users/artim/Documents/GEOG_596/img_output\18TXM735845_mask.shp,AREA_SQM,-1,-1,C:/Users/artim/Documents/GEOG_596/img_output\18TXM735860_mask.shp,AREA_SQM,-1,-1,C:/Users/artim/Documents/GEOG_596/img_output\18TXM735875_mask.shp,AREA_SQM,-1,-1,C:/Users/artim/Documents/GEOG_596/img_output\18TXM735890_mask.shp,AREA_SQM,-1,-1,C:/Users/artim/Documents/GEOG_596/img_output\18TXM735905_mask.shp,AREA_SQM,-1,-1,C:/Users/artim/Documents/GEOG_596/img_output\18TXM735920_mask.shp,AREA_SQM,-1,-1,C:/Users/artim/Documents/GEOG_596/img_output\18TXM735935_mask.shp,AREA_SQM,-1,-1,C:/Users/artim/Documents/GEOG_596/img_output\18TXM735950_mask.shp,AREA_SQM,-1,-1,C:/Users/artim/Documents/GEOG_596/img_output\18TXM735965_mask.shp,AREA_SQM,-1,-1,C:/Users/artim/Documents/GEOG_596/img_output\18TXM735980_mask.shp,AREA_SQM,-1,-1,C:/Users/artim/Documents/GEOG_596/img_output\18TXM735995_mask.shp,AREA_SQM,-1,-1,C:/Users/artim/Documents/GEOG_596/img_output\18TXM750755_mask.shp,AREA_SQM,-1,-1,C:/Users/artim/Documents/GEOG_596/img_output\18TXM750770_mask.shp,AREA_SQM,-1,-1,C:/Users/artim/Documents/GEOG_596/img_output\18TXM750785_mask.shp,AREA_SQM,-1,-1,C:/Users/artim/Documents/GEOG_596/img_output\18TXM750800_mask.shp,AREA_SQM,-1,-1,C:/Users/artim/Documents/GEOG_596/img_output\18TXM750815_mask.shp,AREA_SQM,-1,-1,C:/Users/artim/Documents/GEOG_596/img_output\18TXM750830_mask.shp,AREA_SQM,-1,-1,C:/Users/artim/Documents/GEOG_596/img_output\18TXM750845_mask.shp,AREA_SQM,-1,-1,C:/Users/artim/Documents/GEOG_596/img_output\18TXM750860_mask.shp,AREA_SQM,-1,-1,C:/Users/artim/Documents/GEOG_596/img_output\18TXM750875_mask.shp,AREA_SQM,-1,-1,C:/Users/artim/Documents/GEOG_596/img_output\18TXM750890_mask.shp,AREA_SQM,-1,-1,C:/Users/artim/Documents/GEOG_596/img_output\18TXM750905_mask.shp,AREA_SQM,-1,-1,C:/Users/artim/Documents/GEOG_596/img_output\18TXM750920_mask.shp,AREA_SQM,-1,-1,C:/Users/artim/Documents/GEOG_596/img_output\18TXM750935_mask.shp,AREA_SQM,-1,-1,C:/Users/artim/Documents/GEOG_596/img_output\18TXM750950_mask.shp,AREA_SQM,-1,-1,C:/Users/artim/Documents/GEOG_596/img_output\18TXM750965_mask.shp,AREA_SQM,-1,-1,C:/Users/artim/Documents/GEOG_596/img_output\18TXM750980_mask.shp,AREA_SQM,-1,-1,C:/Users/artim/Documents/GEOG_596/img_output\18TXM750995_mask.shp,AREA_SQM,-1,-1,C:/Users/artim/Documents/GEOG_596/img_output\18TXM765770_mask.shp,AREA_SQM,-1,-1,C:/Users/artim/Documents/GEOG_596/img_output\18TXM765785_mask.shp,AREA_SQM,-1,-1,C:/Users/artim/Documents/GEOG_596/img_output\18TXM765800_mask.shp,AREA_SQM,-1,-1,C:/Users/artim/Documents/GEOG_596/img_output\18TXM765815_mask.shp,AREA_SQM,-1,-1,C:/Users/artim/Documents/GEOG_596/img_output\18TXM765830_mask.shp,AREA_SQM,-1,-1,C:/Users/artim/Documents/GEOG_596/img_output\18TXM765845_mask.shp,AREA_SQM,-1,-1,C:/Users/artim/Documents/GEOG_596/img_output\18TXM765860_mask.shp,AREA_SQM,-1,-1,C:/Users/artim/Documents/GEOG_596/img_output\18TXM765875_mask.shp,AREA_SQM,-1,-1,C:/Users/artim/Documents/GEOG_596/img_output\18TXM765890_mask.shp,AREA_SQM,-1,-1,C:/Users/artim/Documents/GEOG_596/img_output\18TXM765905_mask.shp,AREA_SQM,-1,-1,C:/Users/artim/Documents/GEOG_596/img_output\18TXM765920_mask.shp,AREA_SQM,-1,-1,C:/Users/artim/Documents/GEOG_596/img_output\18TXM765935_mask.shp,AREA_SQM,-1,-1,C:/Users/artim/Documents/GEOG_596/img_output\18TXM765950_mask.shp,AREA_SQM,-1,-1,C:/Users/artim/Documents/GEOG_596/img_output\18TXM765965_mask.shp,AREA_SQM,-1,-1,C:/Users/artim/Documents/GEOG_596/img_output\18TXM765980_mask.shp,AREA_SQM,-1,-1,C:/Users/artim/Documents/GEOG_596/img_output\18TXM765995_mask.shp,AREA_SQM,-1,-1,C:/Users/artim/Documents/GEOG_596/img_output\18TXM780785_mask.shp,AREA_SQM,-1,-1,C:/Users/artim/Documents/GEOG_596/img_output\18TXM780800_mask.shp,AREA_SQM,-1,-1,C:/Users/artim/Documents/GEOG_596/img_output\18TXM780815_mask.shp,AREA_SQM,-1,-1,C:/Users/artim/Documents/GEOG_596/img_output\18TXM780830_mask.shp,AREA_SQM,-1,-1,C:/Users/artim/Documents/GEOG_596/img_output\18TXM780845_mask.shp,AREA_SQM,-1,-1,C:/Users/artim/Documents/GEOG_596/img_output\18TXM780860_mask.shp,AREA_SQM,-1,-1,C:/Users/artim/Documents/GEOG_596/img_output\18TXM780875_mask.shp,AREA_SQM,-1,-1,C:/Users/artim/Documents/GEOG_596/img_output\18TXM780890_mask.shp,AREA_SQM,-1,-1,C:/Users/artim/Documents/GEOG_596/img_output\18TXM780905_mask.shp,AREA_SQM,-1,-1,C:/Users/artim/Documents/GEOG_596/img_output\18TXM780920_mask.shp,AREA_SQM,-1,-1,C:/Users/artim/Documents/GEOG_596/img_output\18TXM780935_mask.shp,AREA_SQM,-1,-1,C:/Users/artim/Documents/GEOG_596/img_output\18TXM780950_mask.shp,AREA_SQM,-1,-1,C:/Users/artim/Documents/GEOG_596/img_output\18TXM780965_mask.shp,AREA_SQM,-1,-1,C:/Users/artim/Documents/GEOG_596/img_output\18TXM780980_mask.shp,AREA_SQM,-1,-1,C:/Users/artim/Documents/GEOG_596/img_output\18TXM780995_mask.shp,AREA_SQM,-1,-1,C:/Users/artim/Documents/GEOG_596/img_output\18TXM795770_mask.shp,AREA_SQM,-1,-1,C:/Users/artim/Documents/GEOG_596/img_output\18TXM795785_mask.shp,AREA_SQM,-1,-1,C:/Users/artim/Documents/GEOG_596/img_output\18TXM795800_mask.shp,AREA_SQM,-1,-1,C:/Users/artim/Documents/GEOG_596/img_output\18TXM795815_mask.shp,AREA_SQM,-1,-1,C:/Users/artim/Documents/GEOG_596/img_output\18TXM795830_mask.shp,AREA_SQM,-1,-1,C:/Users/artim/Documents/GEOG_596/img_output\18TXM795845_mask.shp,AREA_SQM,-1,-1,C:/Users/artim/Documents/GEOG_596/img_output\18TXM795860_mask.shp,AREA_SQM,-1,-1,C:/Users/artim/Documents/GEOG_596/img_output\18TXM795875_mask.shp,AREA_SQM,-1,-1,C:/Users/artim/Documents/GEOG_596/img_output\18TXM795890_mask.shp,AREA_SQM,-1,-1,C:/Users/artim/Documents/GEOG_596/img_output\18TXM795905_mask.shp,AREA_SQM,-1,-1,C:/Users/artim/Documents/GEOG_596/img_output\18TXM795920_mask.shp,AREA_SQM,-1,-1,C:/Users/artim/Documents/GEOG_596/img_output\18TXM795935_mask.shp,AREA_SQM,-1,-1,C:/Users/artim/Documents/GEOG_596/img_output\18TXM795950_mask.shp,AREA_SQM,-1,-1,C:/Users/artim/Documents/GEOG_596/img_output\18TXM795965_mask.shp,AREA_SQM,-1,-1,C:/Users/artim/Documents/GEOG_596/img_output\18TXM795980_mask.shp,AREA_SQM,-1,-1,C:/Users/artim/Documents/GEOG_596/img_output\18TXM795995_mask.shp,AREA_SQM,-1,-1,C:/Users/artim/Documents/GEOG_596/img_output\18TXM810755_mask.shp,AREA_SQM,-1,-1,C:/Users/artim/Documents/GEOG_596/img_output\18TXM810770_mask.shp,AREA_SQM,-1,-1,C:/Users/artim/Documents/GEOG_596/img_output\18TXM810785_mask.shp,AREA_SQM,-1,-1,C:/Users/artim/Documents/GEOG_596/img_output\18TXM810800_mask.shp,AREA_SQM,-1,-1,C:/Users/artim/Documents/GEOG_596/img_output\18TXM810815_mask.shp,AREA_SQM,-1,-1,C:/Users/artim/Documents/GEOG_596/img_output\18TXM810830_mask.shp,AREA_SQM,-1,-1,C:/Users/artim/Documents/GEOG_596/img_output\18TXM810845_mask.shp,AREA_SQM,-1,-1,C:/Users/artim/Documents/GEOG_596/img_output\18TXM810860_mask.shp,AREA_SQM,-1,-1,C:/Users/artim/Documents/GEOG_596/img_output\18TXM810875_mask.shp,AREA_SQM,-1,-1,C:/Users/artim/Documents/GEOG_596/img_output\18TXM810890_mask.shp,AREA_SQM,-1,-1,C:/Users/artim/Documents/GEOG_596/img_output\18TXM810905_mask.shp,AREA_SQM,-1,-1,C:/Users/artim/Documents/GEOG_596/img_output\18TXM810920_mask.shp,AREA_SQM,-1,-1,C:/Users/artim/Documents/GEOG_596/img_output\18TXM810935_mask.shp,AREA_SQM,-1,-1,C:/Users/artim/Documents/GEOG_596/img_output\18TXM810950_mask.shp,AREA_SQM,-1,-1,C:/Users/artim/Documents/GEOG_596/img_output\18TXM810965_mask.shp,AREA_SQM,-1,-1,C:/Users/artim/Documents/GEOG_596/img_output\18TXM810980_mask.shp,AREA_SQM,-1,-1,C:/Users/artim/Documents/GEOG_596/img_output\18TXM810995_mask.shp,AREA_SQM,-1,-1,C:/Users/artim/Documents/GEOG_596/img_output\18TXM825740_mask.shp,AREA_SQM,-1,-1,C:/Users/artim/Documents/GEOG_596/img_output\18TXM825755_mask.shp,AREA_SQM,-1,-1,C:/Users/artim/Documents/GEOG_596/img_output\18TXM825770_mask.shp,AREA_SQM,-1,-1,C:/Users/artim/Documents/GEOG_596/img_output\18TXM825785_mask.shp,AREA_SQM,-1,-1,C:/Users/artim/Documents/GEOG_596/img_output\18TXM825800_mask.shp,AREA_SQM,-1,-1,C:/Users/artim/Documents/GEOG_596/img_output\18TXM825815_mask.shp,AREA_SQM,-1,-1,C:/Users/artim/Documents/GEOG_596/img_output\18TXM825830_mask.shp,AREA_SQM,-1,-1,C:/Users/artim/Documents/GEOG_596/img_output\18TXM825845_mask.shp,AREA_SQM,-1,-1,C:/Users/artim/Documents/GEOG_596/img_output\18TXM825860_mask.shp,AREA_SQM,-1,-1,C:/Users/artim/Documents/GEOG_596/img_output\18TXM825875_mask.shp,AREA_SQM,-1,-1,C:/Users/artim/Documents/GEOG_596/img_output\18TXM825890_mask.shp,AREA_SQM,-1,-1,C:/Users/artim/Documents/GEOG_596/img_output\18TXM825905_mask.shp,AREA_SQM,-1,-1,C:/Users/artim/Documents/GEOG_596/img_output\18TXM825920_mask.shp,AREA_SQM,-1,-1,C:/Users/artim/Documents/GEOG_596/img_output\18TXM825935_mask.shp,AREA_SQM,-1,-1,C:/Users/artim/Documents/GEOG_596/img_output\18TXM825950_mask.shp,AREA_SQM,-1,-1,C:/Users/artim/Documents/GEOG_596/img_output\18TXM825965_mask.shp,AREA_SQM,-1,-1,C:/Users/artim/Documents/GEOG_596/img_output\18TXM825980_mask.shp,AREA_SQM,-1,-1,C:/Users/artim/Documents/GEOG_596/img_output\18TXM825995_mask.shp,AREA_SQM,-1,-1" NO_SOURCE_INFO</Process><Process ToolSource="c:\program files\arcgis\pro\Resources\ArcToolbox\toolboxes\Conversion Tools.tbx\FeatureClassToFeatureClass" Date="20221009" Time="192204">FeatureClassToFeatureClass merged_county_img C:\Users\artim\Documents\GEOG_596\GEOG_596_Data.gdb Hampshire_2021_200_img # "Id "Id" true true false 10 Long 0 10,First,#,merged_county_img,Id,-1,-1;gridcode "gridcode" true true false 10 Long 0 10,First,#,merged_county_img,gridcode,-1,-1;AREA_SQM "AREA_SQM" true true false 7 Float 2 6,First,#,merged_county_img,AREA_SQM,-1,-1" #</Process><Process ToolSource="c:\program files\arcgis\pro\Resources\ArcToolbox\toolboxes\Conversion Tools.tbx\FeatureClassToFeatureClass" Date="20221022" Time="181759">FeatureClassToFeatureClass C:\Users\artim\Documents\GEOG_596\GEOG_596_Data.gdb\Hampshire_2021_200_img C:\Users\artim\Documents\GEOG_596\county_predictions Hampshire_2021_200_img.shp # "Id "Id" true true false 4 Long 0 0,First,#,C:\Users\artim\Documents\GEOG_596\GEOG_596_Data.gdb\Hampshire_2021_200_img,Id,-1,-1;gridcode "gridcode" true true false 4 Long 0 0,First,#,C:\Users\artim\Documents\GEOG_596\GEOG_596_Data.gdb\Hampshire_2021_200_img,gridcode,-1,-1;AREA_SQM "AREA_SQM" true true false 4 Float 0 0,First,#,C:\Users\artim\Documents\GEOG_596\GEOG_596_Data.gdb\Hampshire_2021_200_img,AREA_SQM,-1,-1;Shape_Length "Shape_Length" false true true 8 Double 0 0,First,#,C:\Users\artim\Documents\GEOG_596\GEOG_596_Data.gdb\Hampshire_2021_200_img,Shape_Length,-1,-1;Shape_Area "Shape_Area" false true true 8 Double 0 0,First,#,C:\Users\artim\Documents\GEOG_596\GEOG_596_Data.gdb\Hampshire_2021_200_img,Shape_Area,-1,-1" #</Process><Process ToolSource="c:\program files\arcgis\pro\Resources\ArcToolbox\toolboxes\Data Management Tools.tbx\Merge" Date="20221026" Time="165932">Merge Hampshire_2021_200_img;Hampshire_2021_500_img;Hampshire_2021_732_img C:\Users\artim\Documents\ArcGIS\Projects\GEOG_596\GEOG_596.gdb\Hampshire_2021_732_img_Merge "Id "Id" true true false 10 Long 0 10,First,#,Hampshire_2021_200_img,Id,-1,-1,Hampshire_2021_500_img,Id,-1,-1,Hampshire_2021_732_img,Id,-1,-1;gridcode "gridcode" true true false 10 Long 0 10,First,#,Hampshire_2021_200_img,gridcode,-1,-1,Hampshire_2021_500_img,gridcode,-1,-1,Hampshire_2021_732_img,gridcode,-1,-1;AREA_SQM "AREA_SQM" true true false 13 Float 0 0,First,#,Hampshire_2021_200_img,AREA_SQM,-1,-1,Hampshire_2021_500_img,AREA_SQM,-1,-1,Hampshire_2021_732_img,AREA_SQM,-1,-1;Shape_Leng "Shape_Leng" true true false 19 Double 0 0,First,#,Hampshire_2021_200_img,Shape_Leng,-1,-1,Hampshire_2021_500_img,Shape_Leng,-1,-1,Hampshire_2021_732_img,Shape_Leng,-1,-1;Shape_Area "Shape_Area" true true false 19 Double 0 0,First,#,Hampshire_2021_200_img,Shape_Area,-1,-1,Hampshire_2021_500_img,Shape_Area,-1,-1,Hampshire_2021_732_img,Shape_Area,-1,-1" NO_SOURCE_INFO</Process><Process ToolSource="c:\program files\arcgis\pro\Resources\ArcToolbox\toolboxes\Analysis Tools.tbx\Clip" Date="20221026" Time="170127">Clip Hampshire_2021_732_img_Merge Hampshire_county C:\Users\artim\Documents\ArcGIS\Projects\GEOG_596\GEOG_596.gdb\Hampshire_2021_732_img_Merge_clip #</Process><Process ToolSource="c:\program files\arcgis\pro\Resources\ArcToolbox\toolboxes\Data Management Tools.tbx\Dissolve" Date="20221026" Time="170552">Dissolve Hampshire_2021_732_img_Merge_clip C:\Users\artim\Documents\ArcGIS\Projects\GEOG_596\GEOG_596.gdb\Hampshire_2021_732_img_Merge_Dissolve # # SINGLE_PART DISSOLVE_LINES</Process><Process ToolSource="c:\program files\arcgis\pro\Resources\ArcToolbox\toolboxes\Data Management Tools.tbx\UpdateSchema" Date="20221026" Time="170634">UpdateSchema "CIMDATA=&lt;CIMStandardDataConnection xsi:type='typens:CIMStandardDataConnection' xmlns:xsi='http://www.w3.org/2001/XMLSchema-instance' xmlns:xs='http://www.w3.org/2001/XMLSchema' xmlns:typens='http://www.esri.com/schemas/ArcGIS/2.9.0'&gt;&lt;WorkspaceConnectionString&gt;DATABASE=C:\Users\artim\Documents\ArcGIS\Projects\GEOG_596\GEOG_596.gdb&lt;/WorkspaceConnectionString&gt;&lt;WorkspaceFactory&gt;FileGDB&lt;/WorkspaceFactory&gt;&lt;Dataset&gt;Hampshire_2021_732_img_Merge_Dissolve&lt;/Dataset&gt;&lt;DatasetType&gt;esriDTFeatureClass&lt;/DatasetType&gt;&lt;/CIMStandardDataConnection&gt;" &lt;operationSequence&gt;&lt;workflow&gt;&lt;AddField&gt;&lt;field_name&gt;PA_ratio&lt;/field_name&gt;&lt;field_type&gt;DOUBLE&lt;/field_type&gt;&lt;field_alias&gt;PA_ratio&lt;/field_alias&gt;&lt;field_is_nullable&gt;True&lt;/field_is_nullable&gt;&lt;field_is_required&gt;False&lt;/field_is_required&gt;&lt;/AddField&gt;&lt;/workflow&gt;&lt;/operationSequence&gt;</Process><Process ToolSource="c:\program files\arcgis\pro\Resources\ArcToolbox\toolboxes\Data Management Tools.tbx\CalculateField" Date="20221026" Time="170652">CalculateField Hampshire_2021_732_img_Merge_Dissolve PA_ratio "!Shape_Length! / !Shape_Area!" "Python 3" # Text NO_ENFORCE_DOMAINS</Process><Process ToolSource="c:\program files\arcgis\pro\Resources\ArcToolbox\toolboxes\Analysis Tools.tbx\Near" Date="20221026" Time="170847">Near Hampshire_2021_732_img_Merge_Dissolve Hampshire_2021_732_img_Merge_Dissolve # NO_LOCATION NO_ANGLE Planar "NEAR_FID NEAR_FID;NEAR_DIST NEAR_DIST"</Process><Process ToolSource="c:\program files\arcgis\pro\Resources\ArcToolbox\toolboxes\Data Management Tools.tbx\UpdateSchema" Date="20221026" Time="171417">UpdateSchema "CIMDATA=&lt;CIMStandardDataConnection xsi:type='typens:CIMStandardDataConnection' xmlns:xsi='http://www.w3.org/2001/XMLSchema-instance' xmlns:xs='http://www.w3.org/2001/XMLSchema' xmlns:typens='http://www.esri.com/schemas/ArcGIS/2.9.0'&gt;&lt;WorkspaceConnectionString&gt;DATABASE=C:\Users\artim\Documents\ArcGIS\Projects\GEOG_596\GEOG_596.gdb&lt;/WorkspaceConnectionString&gt;&lt;WorkspaceFactory&gt;FileGDB&lt;/WorkspaceFactory&gt;&lt;Dataset&gt;Hampshire_2021_732_img_Merge_Dissolve&lt;/Dataset&gt;&lt;DatasetType&gt;esriDTFeatureClass&lt;/DatasetType&gt;&lt;/CIMStandardDataConnection&gt;" &lt;operationSequence&gt;&lt;workflow&gt;&lt;DeleteField&gt;&lt;field_name&gt;NEAR_FID&lt;/field_name&gt;&lt;field_name&gt;NEAR_DIST&lt;/field_name&gt;&lt;/DeleteField&gt;&lt;/workflow&gt;&lt;/operationSequence&gt;</Process><Process ToolSource="c:\program files\arcgis\pro\Resources\ArcToolbox\toolboxes\Analysis Tools.tbx\Near" Date="20221026" Time="171444">Near Hampshire_2021_732_img_Merge_Dissolve Hampshire_2021_732_img_Merge_Dissolve # NO_LOCATION NO_ANGLE Planar "NEAR_FID NEAR_FID;NEAR_DIST NEAR_DIST"</Process><Process ToolSource="c:\program files\arcgis\pro\Resources\ArcToolbox\toolboxes\Conversion Tools.tbx\FeatureClassToFeatureClass" Date="20221209" Time="191545">FeatureClassToFeatureClass Hampshire_2021_732_img_Merge_Dissolve C:\Users\artim\Documents\GEOG_596\Hampshire_2021_arrays Hampshire_2021_arrays.shp # "Shape_Length "Shape_Length" false true true 8 Double 0 0,First,#,Hampshire_2021_732_img_Merge_Dissolve,Shape_Length,-1,-1;Shape_Area "Shape_Area" false true true 8 Double 0 0,First,#,Hampshire_2021_732_img_Merge_Dissolve,Shape_Area,-1,-1;PA_ratio "PA_ratio" true true false 8 Double 0 0,First,#,Hampshire_2021_732_img_Merge_Dissolve,PA_ratio,-1,-1;NEAR_FID "NEAR_FID" true true false 4 Long 0 0,First,#,Hampshire_2021_732_img_Merge_Dissolve,NEAR_FID,-1,-1;NEAR_DIST "NEAR_DIST" true true false 8 Double 0 0,First,#,Hampshire_2021_732_img_Merge_Dissolve,NEAR_DIST,-1,-1" #</Process></lineage><itemProps><itemName Sync="TRUE">Hampshire_2021_arrays</itemName><imsContentType Sync="TRUE">002</imsContentType><itemSize Sync="TRUE">0.000</itemSize><itemLocation><linkage Sync="TRUE">file://\\LAPTOP-1U02SOJL\C$\Users\artim\Documents\GEOG_596\Hampshire_2021_arrays\Hampshire_2021_arrays.shp</linkage><protocol Sync="TRUE">Local Area Network</protocol></itemLocation></itemProps><coordRef><type Sync="TRUE">Projected</type><geogcsn Sync="TRUE">GCS_NAD_1983_2011</geogcsn><csUnits Sync="TRUE">Linear Unit: Meter (1.000000)</csUnits><projcsn Sync="TRUE">NAD_1983_2011_UTM_Zone_18N</projcsn><peXml Sync="TRUE">&lt;ProjectedCoordinateSystem xsi:type='typens:ProjectedCoordinateSystem' xmlns:xsi='http://www.w3.org/2001/XMLSchema-instance' xmlns:xs='http://www.w3.org/2001/XMLSchema' xmlns:typens='http://www.esri.com/schemas/ArcGIS/2.9.0'&gt;&lt;WKT&gt;PROJCS[&amp;quot;NAD_1983_2011_UTM_Zone_18N&amp;quot;,GEOGCS[&amp;quot;GCS_NAD_1983_2011&amp;quot;,DATUM[&amp;quot;D_NAD_1983_2011&amp;quot;,SPHEROID[&amp;quot;GRS_1980&amp;quot;,6378137.0,298.257222101]],PRIMEM[&amp;quot;Greenwich&amp;quot;,0.0],UNIT[&amp;quot;Degree&amp;quot;,0.0174532925199433]],PROJECTION[&amp;quot;Transverse_Mercator&amp;quot;],PARAMETER[&amp;quot;False_Easting&amp;quot;,500000.0],PARAMETER[&amp;quot;False_Northing&amp;quot;,0.0],PARAMETER[&amp;quot;Central_Meridian&amp;quot;,-75.0],PARAMETER[&amp;quot;Scale_Factor&amp;quot;,0.9996],PARAMETER[&amp;quot;Latitude_Of_Origin&amp;quot;,0.0],UNIT[&amp;quot;Meter&amp;quot;,1.0],AUTHORITY[&amp;quot;EPSG&amp;quot;,6347]]&lt;/WKT&gt;&lt;XOrigin&gt;-5120900&lt;/XOrigin&gt;&lt;YOrigin&gt;-9998100&lt;/YOrigin&gt;&lt;XYScale&gt;450445547.3910538&lt;/XYScale&gt;&lt;ZOrigin&gt;-100000&lt;/ZOrigin&gt;&lt;ZScale&gt;10000&lt;/ZScale&gt;&lt;MOrigin&gt;-100000&lt;/MOrigin&gt;&lt;MScale&gt;10000&lt;/MScale&gt;&lt;XYTolerance&gt;0.001&lt;/XYTolerance&gt;&lt;ZTolerance&gt;0.001&lt;/ZTolerance&gt;&lt;MTolerance&gt;0.001&lt;/MTolerance&gt;&lt;HighPrecision&gt;true&lt;/HighPrecision&gt;&lt;WKID&gt;102387&lt;/WKID&gt;&lt;LatestWKID&gt;6347&lt;/LatestWKID&gt;&lt;/ProjectedCoordinateSystem&gt;</peXml></coordRef></DataProperties><SyncDate>20221209</SyncDate><SyncTime>19154500</SyncTime><ModDate>20221209</ModDate><ModTime>19154500</ModTime></Esri><dataIdInfo><envirDesc Sync="TRUE">Microsoft Windows 10 Version 10.0 (Build 19044) ; Esri ArcGIS 12.9.0.32739</envirDesc><dataLang><languageCode value="eng" Sync="TRUE"></languageCode><countryCode value="USA" Sync="TRUE"></countryCode></dataLang><idCitation><resTitle Sync="TRUE">Hampshire_2021_arrays</resTitle><presForm><PresFormCd value="005" Sync="TRUE"></PresFormCd></presForm></idCitation><spatRpType><SpatRepTypCd value="001" Sync="TRUE"></SpatRepTypCd></spatRpType></dataIdInfo><mdLang><languageCode value="eng" Sync="TRUE"></languageCode><countryCode value="USA" Sync="TRUE"></countryCode></mdLang><mdChar><CharSetCd value="004" Sync="TRUE"></CharSetCd></mdChar><distInfo><distFormat><formatName Sync="TRUE">Shapefile</formatName></distFormat><distTranOps><transSize Sync="TRUE">0.000</transSize></distTranOps></distInfo><mdHrLv><ScopeCd value="005" Sync="TRUE"></ScopeCd></mdHrLv><mdHrLvName Sync="TRUE">dataset</mdHrLvName><refSysInfo><RefSystem><refSysID><identCode code="6347" Sync="TRUE"></identCode><idCodeSpace Sync="TRUE">EPSG</idCodeSpace><idVersion Sync="TRUE">8.2.2(10.2.1)</idVersion></refSysID></RefSystem></refSysInfo><spatRepInfo><VectSpatRep><geometObjs Name="Hampshire_2021_arrays"><geoObjTyp><GeoObjTypCd value="002" Sync="TRUE"></GeoObjTypCd></geoObjTyp><geoObjCnt Sync="TRUE">0</geoObjCnt></geometObjs><topLvl><TopoLevCd value="001" Sync="TRUE"></TopoLevCd></topLvl></VectSpatRep></spatRepInfo><spdoinfo><ptvctinf><esriterm Name="Hampshire_2021_arrays"><efeatyp Sync="TRUE">Simple</efeatyp><efeageom code="4" Sync="TRUE"></efeageom><esritopo Sync="TRUE">FALSE</esritopo><efeacnt Sync="TRUE">0</efeacnt><spindex Sync="TRUE">FALSE</spindex><linrefer Sync="TRUE">FALSE</linrefer></esriterm></ptvctinf></spdoinfo><eainfo><detailed Name="Hampshire_2021_arrays"><enttyp><enttypl Sync="TRUE">Hampshire_2021_arrays</enttypl><enttypt Sync="TRUE">Feature Class</enttypt><enttypc Sync="TRUE">0</enttypc></enttyp><attr><attrlabl Sync="TRUE">FID</attrlabl><attalias Sync="TRUE">FID</attalias><attrtype Sync="TRUE">OID</attrtype><attwidth Sync="TRUE">4</attwidth><atprecis Sync="TRUE">0</atprecis><attscale Sync="TRUE">0</attscale><attrdef Sync="TRUE">Internal feature number.</attrdef><attrdefs Sync="TRUE">Esri</attrdefs><attrdomv><udom Sync="TRUE">Sequential unique whole numbers that are automatically generated.</udom></attrdomv></attr><attr><attrlabl Sync="TRUE">Shape</attrlabl><attalias Sync="TRUE">Shape</attalias><attrtype Sync="TRUE">Geometry</attrtype><attwidth Sync="TRUE">0</attwidth><atprecis Sync="TRUE">0</atprecis><attscale Sync="TRUE">0</attscale><attrdef Sync="TRUE">Feature geometry.</attrdef><attrdefs Sync="TRUE">Esri</attrdefs><attrdomv><udom Sync="TRUE">Coordinates defining the features.</udom></attrdomv></attr><attr><attrlabl Sync="TRUE">Shape_Leng</attrlabl><attalias Sync="TRUE">Shape_Leng</attalias><attrtype Sync="TRUE">Double</attrtype><attwidth Sync="TRUE">19</attwidth><atprecis Sync="TRUE">0</atprecis><attscale Sync="TRUE">0</attscale></attr><attr><attrlabl Sync="TRUE">Shape_Area</attrlabl><attalias Sync="TRUE">Shape_Area</attalias><attrtype Sync="TRUE">Double</attrtype><attwidth Sync="TRUE">19</attwidth><atprecis Sync="TRUE">0</atprecis><attscale Sync="TRUE">0</attscale><attrdef Sync="TRUE">Area of feature in internal units squared.</attrdef><attrdefs Sync="TRUE">Esri</attrdefs><attrdomv><udom Sync="TRUE">Positive real numbers that are automatically generated.</udom></attrdomv></attr><attr><attrlabl Sync="TRUE">PA_ratio</attrlabl><attalias Sync="TRUE">PA_ratio</attalias><attrtype Sync="TRUE">Double</attrtype><attwidth Sync="TRUE">19</attwidth><atprecis Sync="TRUE">0</atprecis><attscale Sync="TRUE">0</attscale></attr><attr><attrlabl Sync="TRUE">NEAR_FID</attrlabl><attalias Sync="TRUE">NEAR_FID</attalias><attrtype Sync="TRUE">Integer</attrtype><attwidth Sync="TRUE">10</attwidth><atprecis Sync="TRUE">10</atprecis><attscale Sync="TRUE">0</attscale></attr><attr><attrlabl Sync="TRUE">NEAR_DIST</attrlabl><attalias Sync="TRUE">NEAR_DIST</attalias><attrtype Sync="TRUE">Double</attrtype><attwidth Sync="TRUE">19</attwidth><atprecis Sync="TRUE">0</atprecis><attscale Sync="TRUE">0</attscale></attr></detailed></eainfo><mdDateSt Sync="TRUE">20221209</mdDateSt></metadata>
