<metadata xml:lang="en"><Esri><CreaDate>20221110</CreaDate><CreaTime>21104900</CreaTime><ArcGISFormat>1.0</ArcGISFormat><SyncOnce>FALSE</SyncOnce><DataProperties><lineage><Process ToolSource="c:\program files\arcgis\pro\Resources\ArcToolbox\toolboxes\Conversion Tools.tbx\RasterToPolygon" Date="20221110" Time="211049">RasterToPolygon C:/Users/Administrator/Documents/GEOG_596/img_output\new_raster_2.tif C:/Users/Administrator/Documents/GEOG_596/img_output\18TXM585590_mask.shp NO_SIMPLIFY Value SINGLE_OUTER_PART #</Process><Process ToolSource="c:\program files\arcgis\pro\Resources\ArcToolbox\toolboxes\Data Management Tools.tbx\AddField" Date="20221110" Time="211049">AddField C:/Users/Administrator/Documents/GEOG_596/img_output\18TXM585590_mask.shp AREA_SQM "Double  (double precision)" 6 2 # # NULLABLE NON_REQUIRED #</Process><Process ToolSource="c:\program files\arcgis\pro\Resources\ArcToolbox\toolboxes\Data Management Tools.tbx\CalculateGeometryAttributes" Date="20221110" Time="211049">CalculateGeometryAttributes C:/Users/Administrator/Documents/GEOG_596/img_output\18TXM585590_mask.shp "AREA_SQM AREA" # "Square meters" # "Same as input"</Process><Process ToolSource="c:\program files\arcgis\pro\Resources\ArcToolbox\toolboxes\Data Management Tools.tbx\AddField" Date="20221110" Time="211049">AddField C:/Users/Administrator/Documents/GEOG_596/img_output\18TXM585590_mask.shp PA_RATIO "Double  (double precision)" 6 2 # # NULLABLE NON_REQUIRED #</Process><Process ToolSource="c:\program files\arcgis\pro\Resources\ArcToolbox\toolboxes\Data Management Tools.tbx\CalculateField" Date="20221110" Time="211050">CalculateField C:/Users/Administrator/Documents/GEOG_596/img_output\18TXM585590_mask.shp PA_RATIO !shape.length!/!shape.area! "Python 3" # Text NO_ENFORCE_DOMAINS</Process><Process ToolSource="c:\program files\arcgis\pro\Resources\ArcToolbox\toolboxes\Data Management Tools.tbx\Merge" Date="20221110" Time="222613">Merge C:/Users/Administrator/Documents/GEOG_596/img_output\18TXM585590_mask.shp;C:/Users/Administrator/Documents/GEOG_596/img_output\18TXM585605_mask.shp;C:/Users/Administrator/Documents/GEOG_596/img_output\18TXM585620_mask.shp;C:/Users/Administrator/Documents/GEOG_596/img_output\18TXM585635_mask.shp;C:/Users/Administrator/Documents/GEOG_596/img_output\18TXM585650_mask.shp;C:/Users/Administrator/Documents/GEOG_596/img_output\18TXM585665_mask.shp;C:/Users/Administrator/Documents/GEOG_596/img_output\18TXM585680_mask.shp;C:/Users/Administrator/Documents/GEOG_596/img_output\18TXM600560_mask.shp;C:/Users/Administrator/Documents/GEOG_596/img_output\18TXM600575_mask.shp;C:/Users/Administrator/Documents/GEOG_596/img_output\18TXM600590_mask.shp;C:/Users/Administrator/Documents/GEOG_596/img_output\18TXM600605_mask.shp;C:/Users/Administrator/Documents/GEOG_596/img_output\18TXM600620_mask.shp;C:/Users/Administrator/Documents/GEOG_596/img_output\18TXM600635_mask.shp;C:/Users/Administrator/Documents/GEOG_596/img_output\18TXM600650_mask.shp;C:/Users/Administrator/Documents/GEOG_596/img_output\18TXM600665_mask.shp;C:/Users/Administrator/Documents/GEOG_596/img_output\18TXM615560_mask.shp;C:/Users/Administrator/Documents/GEOG_596/img_output\18TXM615575_mask.shp;C:/Users/Administrator/Documents/GEOG_596/img_output\18TXM615590_mask.shp;C:/Users/Administrator/Documents/GEOG_596/img_output\18TXM615605_mask.shp;C:/Users/Administrator/Documents/GEOG_596/img_output\18TXM615620_mask.shp;C:/Users/Administrator/Documents/GEOG_596/img_output\18TXM615635_mask.shp;C:/Users/Administrator/Documents/GEOG_596/img_output\18TXM615650_mask.shp;C:/Users/Administrator/Documents/GEOG_596/img_output\18TXM615665_mask.shp;C:/Users/Administrator/Documents/GEOG_596/img_output\18TXM615680_mask.shp;C:/Users/Administrator/Documents/GEOG_596/img_output\18TXM615695_mask.shp;C:/Users/Administrator/Documents/GEOG_596/img_output\18TXM630560_mask.shp;C:/Users/Administrator/Documents/GEOG_596/img_output\18TXM630575_mask.shp;C:/Users/Administrator/Documents/GEOG_596/img_output\18TXM630590_mask.shp;C:/Users/Administrator/Documents/GEOG_596/img_output\18TXM630605_mask.shp;C:/Users/Administrator/Documents/GEOG_596/img_output\18TXM630620_mask.shp;C:/Users/Administrator/Documents/GEOG_596/img_output\18TXM630635_mask.shp;C:/Users/Administrator/Documents/GEOG_596/img_output\18TXM630650_mask.shp;C:/Users/Administrator/Documents/GEOG_596/img_output\18TXM630665_mask.shp;C:/Users/Administrator/Documents/GEOG_596/img_output\18TXM630680_mask.shp;C:/Users/Administrator/Documents/GEOG_596/img_output\18TXM630695_mask.shp;C:/Users/Administrator/Documents/GEOG_596/img_output\18TXM630710_mask.shp;C:/Users/Administrator/Documents/GEOG_596/img_output\18TXM630725_mask.shp;C:/Users/Administrator/Documents/GEOG_596/img_output\18TXM630740_mask.shp;C:/Users/Administrator/Documents/GEOG_596/img_output\18TXM630755_mask.shp;C:/Users/Administrator/Documents/GEOG_596/img_output\18TXM630770_mask.shp;C:/Users/Administrator/Documents/GEOG_596/img_output\18TXM630785_mask.shp;C:/Users/Administrator/Documents/GEOG_596/img_output\18TXM645545_mask.shp;C:/Users/Administrator/Documents/GEOG_596/img_output\18TXM645560_mask.shp;C:/Users/Administrator/Documents/GEOG_596/img_output\18TXM645575_mask.shp;C:/Users/Administrator/Documents/GEOG_596/img_output\18TXM645590_mask.shp;C:/Users/Administrator/Documents/GEOG_596/img_output\18TXM645605_mask.shp;C:/Users/Administrator/Documents/GEOG_596/img_output\18TXM645620_mask.shp;C:/Users/Administrator/Documents/GEOG_596/img_output\18TXM645635_mask.shp;C:/Users/Administrator/Documents/GEOG_596/img_output\18TXM645650_mask.shp;C:/Users/Administrator/Documents/GEOG_596/img_output\18TXM645665_mask.shp;C:/Users/Administrator/Documents/GEOG_596/img_output\18TXM645680_mask.shp;C:/Users/Administrator/Documents/GEOG_596/img_output\18TXM645695_mask.shp;C:/Users/Administrator/Documents/GEOG_596/img_output\18TXM645710_mask.shp;C:/Users/Administrator/Documents/GEOG_596/img_output\18TXM645725_mask.shp;C:/Users/Administrator/Documents/GEOG_596/img_output\18TXM645740_mask.shp;C:/Users/Administrator/Documents/GEOG_596/img_output\18TXM645755_mask.shp;C:/Users/Administrator/Documents/GEOG_596/img_output\18TXM645770_mask.shp;C:/Users/Administrator/Documents/GEOG_596/img_output\18TXM645785_mask.shp;C:/Users/Administrator/Documents/GEOG_596/img_output\18TXM645800_mask.shp;C:/Users/Administrator/Documents/GEOG_596/img_output\18TXM645815_mask.shp;C:/Users/Administrator/Documents/GEOG_596/img_output\18TXM645830_mask.shp;C:/Users/Administrator/Documents/GEOG_596/img_output\18TXM645845_mask.shp;C:/Users/Administrator/Documents/GEOG_596/img_output\18TXM645860_mask.shp;C:/Users/Administrator/Documents/GEOG_596/img_output\18TXM645875_mask.shp;C:/Users/Administrator/Documents/GEOG_596/img_output\18TXM660545_mask.shp;C:/Users/Administrator/Documents/GEOG_596/img_output\18TXM660560_mask.shp;C:/Users/Administrator/Documents/GEOG_596/img_output\18TXM660575_mask.shp;C:/Users/Administrator/Documents/GEOG_596/img_output\18TXM660590_mask.shp;C:/Users/Administrator/Documents/GEOG_596/img_output\18TXM660605_mask.shp;C:/Users/Administrator/Documents/GEOG_596/img_output\18TXM660620_mask.shp;C:/Users/Administrator/Documents/GEOG_596/img_output\18TXM660635_mask.shp;C:/Users/Administrator/Documents/GEOG_596/img_output\18TXM660650_mask.shp;C:/Users/Administrator/Documents/GEOG_596/img_output\18TXM660665_mask.shp;C:/Users/Administrator/Documents/GEOG_596/img_output\18TXM660680_mask.shp;C:/Users/Administrator/Documents/GEOG_596/img_output\18TXM660695_mask.shp;C:/Users/Administrator/Documents/GEOG_596/img_output\18TXM660710_mask.shp;C:/Users/Administrator/Documents/GEOG_596/img_output\18TXM660725_mask.shp;C:/Users/Administrator/Documents/GEOG_596/img_output\18TXM660740_mask.shp;C:/Users/Administrator/Documents/GEOG_596/img_output\18TXM660755_mask.shp;C:/Users/Administrator/Documents/GEOG_596/img_output\18TXM660770_mask.shp;C:/Users/Administrator/Documents/GEOG_596/img_output\18TXM660785_mask.shp;C:/Users/Administrator/Documents/GEOG_596/img_output\18TXM660800_mask.shp;C:/Users/Administrator/Documents/GEOG_596/img_output\18TXM660815_mask.shp;C:/Users/Administrator/Documents/GEOG_596/img_output\18TXM660830_mask.shp;C:/Users/Administrator/Documents/GEOG_596/img_output\18TXM660845_mask.shp;C:/Users/Administrator/Documents/GEOG_596/img_output\18TXM660860_mask.shp;C:/Users/Administrator/Documents/GEOG_596/img_output\18TXM660875_mask.shp;C:/Users/Administrator/Documents/GEOG_596/img_output\18TXM675545_mask.shp;C:/Users/Administrator/Documents/GEOG_596/img_output\18TXM675560_mask.shp;C:/Users/Administrator/Documents/GEOG_596/img_output\18TXM675575_mask.shp;C:/Users/Administrator/Documents/GEOG_596/img_output\18TXM675590_mask.shp;C:/Users/Administrator/Documents/GEOG_596/img_output\18TXM675605_mask.shp;C:/Users/Administrator/Documents/GEOG_596/img_output\18TXM675620_mask.shp;C:/Users/Administrator/Documents/GEOG_596/img_output\18TXM675635_mask.shp;C:/Users/Administrator/Documents/GEOG_596/img_output\18TXM675650_mask.shp;C:/Users/Administrator/Documents/GEOG_596/img_output\18TXM675665_mask.shp;C:/Users/Administrator/Documents/GEOG_596/img_output\18TXM675680_mask.shp;C:/Users/Administrator/Documents/GEOG_596/img_output\18TXM675695_mask.shp;C:/Users/Administrator/Documents/GEOG_596/img_output\18TXM675710_mask.shp;C:/Users/Administrator/Documents/GEOG_596/img_output\18TXM675725_mask.shp;C:/Users/Administrator/Documents/GEOG_596/img_output\18TXM675740_mask.shp;C:/Users/Administrator/Documents/GEOG_596/img_output\18TXM675755_mask.shp;C:/Users/Administrator/Documents/GEOG_596/img_output\18TXM675770_mask.shp;C:/Users/Administrator/Documents/GEOG_596/img_output\18TXM675785_mask.shp;C:/Users/Administrator/Documents/GEOG_596/img_output\18TXM675800_mask.shp;C:/Users/Administrator/Documents/GEOG_596/img_output\18TXM675815_mask.shp;C:/Users/Administrator/Documents/GEOG_596/img_output\18TXM675830_mask.shp;C:/Users/Administrator/Documents/GEOG_596/img_output\18TXM675845_mask.shp;C:/Users/Administrator/Documents/GEOG_596/img_output\18TXM675860_mask.shp;C:/Users/Administrator/Documents/GEOG_596/img_output\18TXM675875_mask.shp;C:/Users/Administrator/Documents/GEOG_596/img_output\18TXM675890_mask.shp;C:/Users/Administrator/Documents/GEOG_596/img_output\18TXM690560_mask.shp;C:/Users/Administrator/Documents/GEOG_596/img_output\18TXM690575_mask.shp;C:/Users/Administrator/Documents/GEOG_596/img_output\18TXM690590_mask.shp;C:/Users/Administrator/Documents/GEOG_596/img_output\18TXM690605_mask.shp;C:/Users/Administrator/Documents/GEOG_596/img_output\18TXM690620_mask.shp;C:/Users/Administrator/Documents/GEOG_596/img_output\18TXM690635_mask.shp;C:/Users/Administrator/Documents/GEOG_596/img_output\18TXM690650_mask.shp;C:/Users/Administrator/Documents/GEOG_596/img_output\18TXM690665_mask.shp;C:/Users/Administrator/Documents/GEOG_596/img_output\18TXM690680_mask.shp;C:/Users/Administrator/Documents/GEOG_596/img_output\18TXM690695_mask.shp;C:/Users/Administrator/Documents/GEOG_596/img_output\18TXM690710_mask.shp;C:/Users/Administrator/Documents/GEOG_596/img_output\18TXM690725_mask.shp;C:/Users/Administrator/Documents/GEOG_596/img_output\18TXM690740_mask.shp;C:/Users/Administrator/Documents/GEOG_596/img_output\18TXM690755_mask.shp;C:/Users/Administrator/Documents/GEOG_596/img_output\18TXM690770_mask.shp;C:/Users/Administrator/Documents/GEOG_596/img_output\18TXM690785_mask.shp;C:/Users/Administrator/Documents/GEOG_596/img_output\18TXM690800_mask.shp;C:/Users/Administrator/Documents/GEOG_596/img_output\18TXM690815_mask.shp;C:/Users/Administrator/Documents/GEOG_596/img_output\18TXM690830_mask.shp;C:/Users/Administrator/Documents/GEOG_596/img_output\18TXM690845_mask.shp;C:/Users/Administrator/Documents/GEOG_596/img_output\18TXM690860_mask.shp;C:/Users/Administrator/Documents/GEOG_596/img_output\18TXM690875_mask.shp;C:/Users/Administrator/Documents/GEOG_596/img_output\18TXM690890_mask.shp;C:/Users/Administrator/Documents/GEOG_596/img_output\18TXM705560_mask.shp;C:/Users/Administrator/Documents/GEOG_596/img_output\18TXM705575_mask.shp;C:/Users/Administrator/Documents/GEOG_596/img_output\18TXM705590_mask.shp;C:/Users/Administrator/Documents/GEOG_596/img_output\18TXM705605_mask.shp;C:/Users/Administrator/Documents/GEOG_596/img_output\18TXM705620_mask.shp;C:/Users/Administrator/Documents/GEOG_596/img_output\18TXM705635_mask.shp;C:/Users/Administrator/Documents/GEOG_596/img_output\18TXM705650_mask.shp;C:/Users/Administrator/Documents/GEOG_596/img_output\18TXM705665_mask.shp;C:/Users/Administrator/Documents/GEOG_596/img_output\18TXM705680_mask.shp;C:/Users/Administrator/Documents/GEOG_596/img_output\18TXM705695_mask.shp;C:/Users/Administrator/Documents/GEOG_596/img_output\18TXM705710_mask.shp;C:/Users/Administrator/Documents/GEOG_596/img_output\18TXM705725_mask.shp;C:/Users/Administrator/Documents/GEOG_596/img_output\18TXM705740_mask.shp;C:/Users/Administrator/Documents/GEOG_596/img_output\18TXM705755_mask.shp;C:/Users/Administrator/Documents/GEOG_596/img_output\18TXM705770_mask.shp;C:/Users/Administrator/Documents/GEOG_596/img_output\18TXM705785_mask.shp;C:/Users/Administrator/Documents/GEOG_596/img_output\18TXM705800_mask.shp;C:/Users/Administrator/Documents/GEOG_596/img_output\18TXM705815_mask.shp;C:/Users/Administrator/Documents/GEOG_596/img_output\18TXM705830_mask.shp;C:/Users/Administrator/Documents/GEOG_596/img_output\18TXM705845_mask.shp;C:/Users/Administrator/Documents/GEOG_596/img_output\18TXM705860_mask.shp;C:/Users/Administrator/Documents/GEOG_596/img_output\18TXM705875_mask.shp;C:/Users/Administrator/Documents/GEOG_596/img_output\18TXM705890_mask.shp;C:/Users/Administrator/Documents/GEOG_596/img_output\18TXM720560_mask.shp;C:/Users/Administrator/Documents/GEOG_596/img_output\18TXM720575_mask.shp;C:/Users/Administrator/Documents/GEOG_596/img_output\18TXM720590_mask.shp;C:/Users/Administrator/Documents/GEOG_596/img_output\18TXM720605_mask.shp;C:/Users/Administrator/Documents/GEOG_596/img_output\18TXM720620_mask.shp;C:/Users/Administrator/Documents/GEOG_596/img_output\18TXM720635_mask.shp;C:/Users/Administrator/Documents/GEOG_596/img_output\18TXM720650_mask.shp;C:/Users/Administrator/Documents/GEOG_596/img_output\18TXM720665_mask.shp;C:/Users/Administrator/Documents/GEOG_596/img_output\18TXM720680_mask.shp;C:/Users/Administrator/Documents/GEOG_596/img_output\18TXM720695_mask.shp;C:/Users/Administrator/Documents/GEOG_596/img_output\18TXM720710_mask.shp;C:/Users/Administrator/Documents/GEOG_596/img_output\18TXM720725_mask.shp;C:/Users/Administrator/Documents/GEOG_596/img_output\18TXM720740_mask.shp;C:/Users/Administrator/Documents/GEOG_596/img_output\18TXM720755_mask.shp;C:/Users/Administrator/Documents/GEOG_596/img_output\18TXM720770_mask.shp;C:/Users/Administrator/Documents/GEOG_596/img_output\18TXM720785_mask.shp;C:/Users/Administrator/Documents/GEOG_596/img_output\18TXM720800_mask.shp;C:/Users/Administrator/Documents/GEOG_596/img_output\18TXM720815_mask.shp;C:/Users/Administrator/Documents/GEOG_596/img_output\18TXM720830_mask.shp;C:/Users/Administrator/Documents/GEOG_596/img_output\18TXM720845_mask.shp;C:/Users/Administrator/Documents/GEOG_596/img_output\18TXM720860_mask.shp;C:/Users/Administrator/Documents/GEOG_596/img_output\18TXM720875_mask.shp;C:/Users/Administrator/Documents/GEOG_596/img_output\18TXM720890_mask.shp;C:/Users/Administrator/Documents/GEOG_596/img_output\18TXM735560_mask.shp;C:/Users/Administrator/Documents/GEOG_596/img_output\18TXM735575_mask.shp;C:/Users/Administrator/Documents/GEOG_596/img_output\18TXM735590_mask.shp;C:/Users/Administrator/Documents/GEOG_596/img_output\18TXM735605_mask.shp;C:/Users/Administrator/Documents/GEOG_596/img_output\18TXM735620_mask.shp;C:/Users/Administrator/Documents/GEOG_596/img_output\18TXM735635_mask.shp;C:/Users/Administrator/Documents/GEOG_596/img_output\18TXM735650_mask.shp;C:/Users/Administrator/Documents/GEOG_596/img_output\18TXM735665_mask.shp;C:/Users/Administrator/Documents/GEOG_596/img_output\18TXM735680_mask.shp;C:/Users/Administrator/Documents/GEOG_596/img_output\18TXM735695_mask.shp;C:/Users/Administrator/Documents/GEOG_596/img_output\18TXM735710_mask.shp;C:/Users/Administrator/Documents/GEOG_596/img_output\18TXM735725_mask.shp;C:/Users/Administrator/Documents/GEOG_596/img_output\18TXM735740_mask.shp;C:/Users/Administrator/Documents/GEOG_596/img_output\18TXM735755_mask.shp;C:/Users/Administrator/Documents/GEOG_596/img_output\18TXM735770_mask.shp;C:/Users/Administrator/Documents/GEOG_596/img_output\18TXM735785_mask.shp;C:/Users/Administrator/Documents/GEOG_596/img_output\18TXM735800_mask.shp;C:/Users/Administrator/Documents/GEOG_596/img_output\18TXM735815_mask.shp;C:/Users/Administrator/Documents/GEOG_596/img_output\18TXM735830_mask.shp;C:/Users/Administrator/Documents/GEOG_596/img_output\18TXM735845_mask.shp C:/Users/Administrator/Documents/GEOG_596/img_output\Hampden_2021_10_200_img.shp "Id "Id" true true false 10 Long 0 10,First,#,C:/Users/Administrator/Documents/GEOG_596/img_output\18TXM585590_mask.shp,Id,-1,-1,C:/Users/Administrator/Documents/GEOG_596/img_output\18TXM585605_mask.shp,Id,-1,-1,C:/Users/Administrator/Documents/GEOG_596/img_output\18TXM585620_mask.shp,Id,-1,-1,C:/Users/Administrator/Documents/GEOG_596/img_output\18TXM585635_mask.shp,Id,-1,-1,C:/Users/Administrator/Documents/GEOG_596/img_output\18TXM585650_mask.shp,Id,-1,-1,C:/Users/Administrator/Documents/GEOG_596/img_output\18TXM585665_mask.shp,Id,-1,-1,C:/Users/Administrator/Documents/GEOG_596/img_output\18TXM585680_mask.shp,Id,-1,-1,C:/Users/Administrator/Documents/GEOG_596/img_output\18TXM600560_mask.shp,Id,-1,-1,C:/Users/Administrator/Documents/GEOG_596/img_output\18TXM600575_mask.shp,Id,-1,-1,C:/Users/Administrator/Documents/GEOG_596/img_output\18TXM600590_mask.shp,Id,-1,-1,C:/Users/Administrator/Documents/GEOG_596/img_output\18TXM600605_mask.shp,Id,-1,-1,C:/Users/Administrator/Documents/GEOG_596/img_output\18TXM600620_mask.shp,Id,-1,-1,C:/Users/Administrator/Documents/GEOG_596/img_output\18TXM600635_mask.shp,Id,-1,-1,C:/Users/Administrator/Documents/GEOG_596/img_output\18TXM600650_mask.shp,Id,-1,-1,C:/Users/Administrator/Documents/GEOG_596/img_output\18TXM600665_mask.shp,Id,-1,-1,C:/Users/Administrator/Documents/GEOG_596/img_output\18TXM615560_mask.shp,Id,-1,-1,C:/Users/Administrator/Documents/GEOG_596/img_output\18TXM615575_mask.shp,Id,-1,-1,C:/Users/Administrator/Documents/GEOG_596/img_output\18TXM615590_mask.shp,Id,-1,-1,C:/Users/Administrator/Documents/GEOG_596/img_output\18TXM615605_mask.shp,Id,-1,-1,C:/Users/Administrator/Documents/GEOG_596/img_output\18TXM615620_mask.shp,Id,-1,-1,C:/Users/Administrator/Documents/GEOG_596/img_output\18TXM615635_mask.shp,Id,-1,-1,C:/Users/Administrator/Documents/GEOG_596/img_output\18TXM615650_mask.shp,Id,-1,-1,C:/Users/Administrator/Documents/GEOG_596/img_output\18TXM615665_mask.shp,Id,-1,-1,C:/Users/Administrator/Documents/GEOG_596/img_output\18TXM615680_mask.shp,Id,-1,-1,C:/Users/Administrator/Documents/GEOG_596/img_output\18TXM615695_mask.shp,Id,-1,-1,C:/Users/Administrator/Documents/GEOG_596/img_output\18TXM630560_mask.shp,Id,-1,-1,C:/Users/Administrator/Documents/GEOG_596/img_output\18TXM630575_mask.shp,Id,-1,-1,C:/Users/Administrator/Documents/GEOG_596/img_output\18TXM630590_mask.shp,Id,-1,-1,C:/Users/Administrator/Documents/GEOG_596/img_output\18TXM630605_mask.shp,Id,-1,-1,C:/Users/Administrator/Documents/GEOG_596/img_output\18TXM630620_mask.shp,Id,-1,-1,C:/Users/Administrator/Documents/GEOG_596/img_output\18TXM630635_mask.shp,Id,-1,-1,C:/Users/Administrator/Documents/GEOG_596/img_output\18TXM630650_mask.shp,Id,-1,-1,C:/Users/Administrator/Documents/GEOG_596/img_output\18TXM630665_mask.shp,Id,-1,-1,C:/Users/Administrator/Documents/GEOG_596/img_output\18TXM630680_mask.shp,Id,-1,-1,C:/Users/Administrator/Documents/GEOG_596/img_output\18TXM630695_mask.shp,Id,-1,-1,C:/Users/Administrator/Documents/GEOG_596/img_output\18TXM630710_mask.shp,Id,-1,-1,C:/Users/Administrator/Documents/GEOG_596/img_output\18TXM630725_mask.shp,Id,-1,-1,C:/Users/Administrator/Documents/GEOG_596/img_output\18TXM630740_mask.shp,Id,-1,-1,C:/Users/Administrator/Documents/GEOG_596/img_output\18TXM630755_mask.shp,Id,-1,-1,C:/Users/Administrator/Documents/GEOG_596/img_output\18TXM630770_mask.shp,Id,-1,-1,C:/Users/Administrator/Documents/GEOG_596/img_output\18TXM630785_mask.shp,Id,-1,-1,C:/Users/Administrator/Documents/GEOG_596/img_output\18TXM645545_mask.shp,Id,-1,-1,C:/Users/Administrator/Documents/GEOG_596/img_output\18TXM645560_mask.shp,Id,-1,-1,C:/Users/Administrator/Documents/GEOG_596/img_output\18TXM645575_mask.shp,Id,-1,-1,C:/Users/Administrator/Documents/GEOG_596/img_output\18TXM645590_mask.shp,Id,-1,-1,C:/Users/Administrator/Documents/GEOG_596/img_output\18TXM645605_mask.shp,Id,-1,-1,C:/Users/Administrator/Documents/GEOG_596/img_output\18TXM645620_mask.shp,Id,-1,-1,C:/Users/Administrator/Documents/GEOG_596/img_output\18TXM645635_mask.shp,Id,-1,-1,C:/Users/Administrator/Documents/GEOG_596/img_output\18TXM645650_mask.shp,Id,-1,-1,C:/Users/Administrator/Documents/GEOG_596/img_output\18TXM645665_mask.shp,Id,-1,-1,C:/Users/Administrator/Documents/GEOG_596/img_output\18TXM645680_mask.shp,Id,-1,-1,C:/Users/Administrator/Documents/GEOG_596/img_output\18TXM645695_mask.shp,Id,-1,-1,C:/Users/Administrator/Documents/GEOG_596/img_output\18TXM645710_mask.shp,Id,-1,-1,C:/Users/Administrator/Documents/GEOG_596/img_output\18TXM645725_mask.shp,Id,-1,-1,C:/Users/Administrator/Documents/GEOG_596/img_output\18TXM645740_mask.shp,Id,-1,-1,C:/Users/Administrator/Documents/GEOG_596/img_output\18TXM645755_mask.shp,Id,-1,-1,C:/Users/Administrator/Documents/GEOG_596/img_output\18TXM645770_mask.shp,Id,-1,-1,C:/Users/Administrator/Documents/GEOG_596/img_output\18TXM645785_mask.shp,Id,-1,-1,C:/Users/Administrator/Documents/GEOG_596/img_output\18TXM645800_mask.shp,Id,-1,-1,C:/Users/Administrator/Documents/GEOG_596/img_output\18TXM645815_mask.shp,Id,-1,-1,C:/Users/Administrator/Documents/GEOG_596/img_output\18TXM645830_mask.shp,Id,-1,-1,C:/Users/Administrator/Documents/GEOG_596/img_output\18TXM645845_mask.shp,Id,-1,-1,C:/Users/Administrator/Documents/GEOG_596/img_output\18TXM645860_mask.shp,Id,-1,-1,C:/Users/Administrator/Documents/GEOG_596/img_output\18TXM645875_mask.shp,Id,-1,-1,C:/Users/Administrator/Documents/GEOG_596/img_output\18TXM660545_mask.shp,Id,-1,-1,C:/Users/Administrator/Documents/GEOG_596/img_output\18TXM660560_mask.shp,Id,-1,-1,C:/Users/Administrator/Documents/GEOG_596/img_output\18TXM660575_mask.shp,Id,-1,-1,C:/Users/Administrator/Documents/GEOG_596/img_output\18TXM660590_mask.shp,Id,-1,-1,C:/Users/Administrator/Documents/GEOG_596/img_output\18TXM660605_mask.shp,Id,-1,-1,C:/Users/Administrator/Documents/GEOG_596/img_output\18TXM660620_mask.shp,Id,-1,-1,C:/Users/Administrator/Documents/GEOG_596/img_output\18TXM660635_mask.shp,Id,-1,-1,C:/Users/Administrator/Documents/GEOG_596/img_output\18TXM660650_mask.shp,Id,-1,-1,C:/Users/Administrator/Documents/GEOG_596/img_output\18TXM660665_mask.shp,Id,-1,-1,C:/Users/Administrator/Documents/GEOG_596/img_output\18TXM660680_mask.shp,Id,-1,-1,C:/Users/Administrator/Documents/GEOG_596/img_output\18TXM660695_mask.shp,Id,-1,-1,C:/Users/Administrator/Documents/GEOG_596/img_output\18TXM660710_mask.shp,Id,-1,-1,C:/Users/Administrator/Documents/GEOG_596/img_output\18TXM660725_mask.shp,Id,-1,-1,C:/Users/Administrator/Documents/GEOG_596/img_output\18TXM660740_mask.shp,Id,-1,-1,C:/Users/Administrator/Documents/GEOG_596/img_output\18TXM660755_mask.shp,Id,-1,-1,C:/Users/Administrator/Documents/GEOG_596/img_output\18TXM660770_mask.shp,Id,-1,-1,C:/Users/Administrator/Documents/GEOG_596/img_output\18TXM660785_mask.shp,Id,-1,-1,C:/Users/Administrator/Documents/GEOG_596/img_output\18TXM660800_mask.shp,Id,-1,-1,C:/Users/Administrator/Documents/GEOG_596/img_output\18TXM660815_mask.shp,Id,-1,-1,C:/Users/Administrator/Documents/GEOG_596/img_output\18TXM660830_mask.shp,Id,-1,-1,C:/Users/Administrator/Documents/GEOG_596/img_output\18TXM660845_mask.shp,Id,-1,-1,C:/Users/Administrator/Documents/GEOG_596/img_output\18TXM660860_mask.shp,Id,-1,-1,C:/Users/Administrator/Documents/GEOG_596/img_output\18TXM660875_mask.shp,Id,-1,-1,C:/Users/Administrator/Documents/GEOG_596/img_output\18TXM675545_mask.shp,Id,-1,-1,C:/Users/Administrator/Documents/GEOG_596/img_output\18TXM675560_mask.shp,Id,-1,-1,C:/Users/Administrator/Documents/GEOG_596/img_output\18TXM675575_mask.shp,Id,-1,-1,C:/Users/Administrator/Documents/GEOG_596/img_output\18TXM675590_mask.shp,Id,-1,-1,C:/Users/Administrator/Documents/GEOG_596/img_output\18TXM675605_mask.shp,Id,-1,-1,C:/Users/Administrator/Documents/GEOG_596/img_output\18TXM675620_mask.shp,Id,-1,-1,C:/Users/Administrator/Documents/GEOG_596/img_output\18TXM675635_mask.shp,Id,-1,-1,C:/Users/Administrator/Documents/GEOG_596/img_output\18TXM675650_mask.shp,Id,-1,-1,C:/Users/Administrator/Documents/GEOG_596/img_output\18TXM675665_mask.shp,Id,-1,-1,C:/Users/Administrator/Documents/GEOG_596/img_output\18TXM675680_mask.shp,Id,-1,-1,C:/Users/Administrator/Documents/GEOG_596/img_output\18TXM675695_mask.shp,Id,-1,-1,C:/Users/Administrator/Documents/GEOG_596/img_output\18TXM675710_mask.shp,Id,-1,-1,C:/Users/Administrator/Documents/GEOG_596/img_output\18TXM675725_mask.shp,Id,-1,-1,C:/Users/Administrator/Documents/GEOG_596/img_output\18TXM675740_mask.shp,Id,-1,-1,C:/Users/Administrator/Documents/GEOG_596/img_output\18TXM675755_mask.shp,Id,-1,-1,C:/Users/Administrator/Documents/GEOG_596/img_output\18TXM675770_mask.shp,Id,-1,-1,C:/Users/Administrator/Documents/GEOG_596/img_output\18TXM675785_mask.shp,Id,-1,-1,C:/Users/Administrator/Documents/GEOG_596/img_output\18TXM675800_mask.shp,Id,-1,-1,C:/Users/Administrator/Documents/GEOG_596/img_output\18TXM675815_mask.shp,Id,-1,-1,C:/Users/Administrator/Documents/GEOG_596/img_output\18TXM675830_mask.shp,Id,-1,-1,C:/Users/Administrator/Documents/GEOG_596/img_output\18TXM675845_mask.shp,Id,-1,-1,C:/Users/Administrator/Documents/GEOG_596/img_output\18TXM675860_mask.shp,Id,-1,-1,C:/Users/Administrator/Documents/GEOG_596/img_output\18TXM675875_mask.shp,Id,-1,-1,C:/Users/Administrator/Documents/GEOG_596/img_output\18TXM675890_mask.shp,Id,-1,-1,C:/Users/Administrator/Documents/GEOG_596/img_output\18TXM690560_mask.shp,Id,-1,-1,C:/Users/Administrator/Documents/GEOG_596/img_output\18TXM690575_mask.shp,Id,-1,-1,C:/Users/Administrator/Documents/GEOG_596/img_output\18TXM690590_mask.shp,Id,-1,-1,C:/Users/Administrator/Documents/GEOG_596/img_output\18TXM690605_mask.shp,Id,-1,-1,C:/Users/Administrator/Documents/GEOG_596/img_output\18TXM690620_mask.shp,Id,-1,-1,C:/Users/Administrator/Documents/GEOG_596/img_output\18TXM690635_mask.shp,Id,-1,-1,C:/Users/Administrator/Documents/GEOG_596/img_output\18TXM690650_mask.shp,Id,-1,-1,C:/Users/Administrator/Documents/GEOG_596/img_output\18TXM690665_mask.shp,Id,-1,-1,C:/Users/Administrator/Documents/GEOG_596/img_output\18TXM690680_mask.shp,Id,-1,-1,C:/Users/Administrator/Documents/GEOG_596/img_output\18TXM690695_mask.shp,Id,-1,-1,C:/Users/Administrator/Documents/GEOG_596/img_output\18TXM690710_mask.shp,Id,-1,-1,C:/Users/Administrator/Documents/GEOG_596/img_output\18TXM690725_mask.shp,Id,-1,-1,C:/Users/Administrator/Documents/GEOG_596/img_output\18TXM690740_mask.shp,Id,-1,-1,C:/Users/Administrator/Documents/GEOG_596/img_output\18TXM690755_mask.shp,Id,-1,-1,C:/Users/Administrator/Documents/GEOG_596/img_output\18TXM690770_mask.shp,Id,-1,-1,C:/Users/Administrator/Documents/GEOG_596/img_output\18TXM690785_mask.shp,Id,-1,-1,C:/Users/Administrator/Documents/GEOG_596/img_output\18TXM690800_mask.shp,Id,-1,-1,C:/Users/Administrator/Documents/GEOG_596/img_output\18TXM690815_mask.shp,Id,-1,-1,C:/Users/Administrator/Documents/GEOG_596/img_output\18TXM690830_mask.shp,Id,-1,-1,C:/Users/Administrator/Documents/GEOG_596/img_output\18TXM690845_mask.shp,Id,-1,-1,C:/Users/Administrator/Documents/GEOG_596/img_output\18TXM690860_mask.shp,Id,-1,-1,C:/Users/Administrator/Documents/GEOG_596/img_output\18TXM690875_mask.shp,Id,-1,-1,C:/Users/Administrator/Documents/GEOG_596/img_output\18TXM690890_mask.shp,Id,-1,-1,C:/Users/Administrator/Documents/GEOG_596/img_output\18TXM705560_mask.shp,Id,-1,-1,C:/Users/Administrator/Documents/GEOG_596/img_output\18TXM705575_mask.shp,Id,-1,-1,C:/Users/Administrator/Documents/GEOG_596/img_output\18TXM705590_mask.shp,Id,-1,-1,C:/Users/Administrator/Documents/GEOG_596/img_output\18TXM705605_mask.shp,Id,-1,-1,C:/Users/Administrator/Documents/GEOG_596/img_output\18TXM705620_mask.shp,Id,-1,-1,C:/Users/Administrator/Documents/GEOG_596/img_output\18TXM705635_mask.shp,Id,-1,-1,C:/Users/Administrator/Documents/GEOG_596/img_output\18TXM705650_mask.shp,Id,-1,-1,C:/Users/Administrator/Documents/GEOG_596/img_output\18TXM705665_mask.shp,Id,-1,-1,C:/Users/Administrator/Documents/GEOG_596/img_output\18TXM705680_mask.shp,Id,-1,-1,C:/Users/Administrator/Documents/GEOG_596/img_output\18TXM705695_mask.shp,Id,-1,-1,C:/Users/Administrator/Documents/GEOG_596/img_output\18TXM705710_mask.shp,Id,-1,-1,C:/Users/Administrator/Documents/GEOG_596/img_output\18TXM705725_mask.shp,Id,-1,-1,C:/Users/Administrator/Documents/GEOG_596/img_output\18TXM705740_mask.shp,Id,-1,-1,C:/Users/Administrator/Documents/GEOG_596/img_output\18TXM705755_mask.shp,Id,-1,-1,C:/Users/Administrator/Documents/GEOG_596/img_output\18TXM705770_mask.shp,Id,-1,-1,C:/Users/Administrator/Documents/GEOG_596/img_output\18TXM705785_mask.shp,Id,-1,-1,C:/Users/Administrator/Documents/GEOG_596/img_output\18TXM705800_mask.shp,Id,-1,-1,C:/Users/Administrator/Documents/GEOG_596/img_output\18TXM705815_mask.shp,Id,-1,-1,C:/Users/Administrator/Documents/GEOG_596/img_output\18TXM705830_mask.shp,Id,-1,-1,C:/Users/Administrator/Documents/GEOG_596/img_output\18TXM705845_mask.shp,Id,-1,-1,C:/Users/Administrator/Documents/GEOG_596/img_output\18TXM705860_mask.shp,Id,-1,-1,C:/Users/Administrator/Documents/GEOG_596/img_output\18TXM705875_mask.shp,Id,-1,-1,C:/Users/Administrator/Documents/GEOG_596/img_output\18TXM705890_mask.shp,Id,-1,-1,C:/Users/Administrator/Documents/GEOG_596/img_output\18TXM720560_mask.shp,Id,-1,-1,C:/Users/Administrator/Documents/GEOG_596/img_output\18TXM720575_mask.shp,Id,-1,-1,C:/Users/Administrator/Documents/GEOG_596/img_output\18TXM720590_mask.shp,Id,-1,-1,C:/Users/Administrator/Documents/GEOG_596/img_output\18TXM720605_mask.shp,Id,-1,-1,C:/Users/Administrator/Documents/GEOG_596/img_output\18TXM720620_mask.shp,Id,-1,-1,C:/Users/Administrator/Documents/GEOG_596/img_output\18TXM720635_mask.shp,Id,-1,-1,C:/Users/Administrator/Documents/GEOG_596/img_output\18TXM720650_mask.shp,Id,-1,-1,C:/Users/Administrator/Documents/GEOG_596/img_output\18TXM720665_mask.shp,Id,-1,-1,C:/Users/Administrator/Documents/GEOG_596/img_output\18TXM720680_mask.shp,Id,-1,-1,C:/Users/Administrator/Documents/GEOG_596/img_output\18TXM720695_mask.shp,Id,-1,-1,C:/Users/Administrator/Documents/GEOG_596/img_output\18TXM720710_mask.shp,Id,-1,-1,C:/Users/Administrator/Documents/GEOG_596/img_output\18TXM720725_mask.shp,Id,-1,-1,C:/Users/Administrator/Documents/GEOG_596/img_output\18TXM720740_mask.shp,Id,-1,-1,C:/Users/Administrator/Documents/GEOG_596/img_output\18TXM720755_mask.shp,Id,-1,-1,C:/Users/Administrator/Documents/GEOG_596/img_output\18TXM720770_mask.shp,Id,-1,-1,C:/Users/Administrator/Documents/GEOG_596/img_output\18TXM720785_mask.shp,Id,-1,-1,C:/Users/Administrator/Documents/GEOG_596/img_output\18TXM720800_mask.shp,Id,-1,-1,C:/Users/Administrator/Documents/GEOG_596/img_output\18TXM720815_mask.shp,Id,-1,-1,C:/Users/Administrator/Documents/GEOG_596/img_output\18TXM720830_mask.shp,Id,-1,-1,C:/Users/Administrator/Documents/GEOG_596/img_output\18TXM720845_mask.shp,Id,-1,-1,C:/Users/Administrator/Documents/GEOG_596/img_output\18TXM720860_mask.shp,Id,-1,-1,C:/Users/Administrator/Documents/GEOG_596/img_output\18TXM720875_mask.shp,Id,-1,-1,C:/Users/Administrator/Documents/GEOG_596/img_output\18TXM720890_mask.shp,Id,-1,-1,C:/Users/Administrator/Documents/GEOG_596/img_output\18TXM735560_mask.shp,Id,-1,-1,C:/Users/Administrator/Documents/GEOG_596/img_output\18TXM735575_mask.shp,Id,-1,-1,C:/Users/Administrator/Documents/GEOG_596/img_output\18TXM735590_mask.shp,Id,-1,-1,C:/Users/Administrator/Documents/GEOG_596/img_output\18TXM735605_mask.shp,Id,-1,-1,C:/Users/Administrator/Documents/GEOG_596/img_output\18TXM735620_mask.shp,Id,-1,-1,C:/Users/Administrator/Documents/GEOG_596/img_output\18TXM735635_mask.shp,Id,-1,-1,C:/Users/Administrator/Documents/GEOG_596/img_output\18TXM735650_mask.shp,Id,-1,-1,C:/Users/Administrator/Documents/GEOG_596/img_output\18TXM735665_mask.shp,Id,-1,-1,C:/Users/Administrator/Documents/GEOG_596/img_output\18TXM735680_mask.shp,Id,-1,-1,C:/Users/Administrator/Documents/GEOG_596/img_output\18TXM735695_mask.shp,Id,-1,-1,C:/Users/Administrator/Documents/GEOG_596/img_output\18TXM735710_mask.shp,Id,-1,-1,C:/Users/Administrator/Documents/GEOG_596/img_output\18TXM735725_mask.shp,Id,-1,-1,C:/Users/Administrator/Documents/GEOG_596/img_output\18TXM735740_mask.shp,Id,-1,-1,C:/Users/Administrator/Documents/GEOG_596/img_output\18TXM735755_mask.shp,Id,-1,-1,C:/Users/Administrator/Documents/GEOG_596/img_output\18TXM735770_mask.shp,Id,-1,-1,C:/Users/Administrator/Documents/GEOG_596/img_output\18TXM735785_mask.shp,Id,-1,-1,C:/Users/Administrator/Documents/GEOG_596/img_output\18TXM735800_mask.shp,Id,-1,-1,C:/Users/Administrator/Documents/GEOG_596/img_output\18TXM735815_mask.shp,Id,-1,-1,C:/Users/Administrator/Documents/GEOG_596/img_output\18TXM735830_mask.shp,Id,-1,-1,C:/Users/Administrator/Documents/GEOG_596/img_output\18TXM735845_mask.shp,Id,-1,-1;gridcode "gridcode" true true false 10 Long 0 10,First,#,C:/Users/Administrator/Documents/GEOG_596/img_output\18TXM585590_mask.shp,gridcode,-1,-1,C:/Users/Administrator/Documents/GEOG_596/img_output\18TXM585605_mask.shp,gridcode,-1,-1,C:/Users/Administrator/Documents/GEOG_596/img_output\18TXM585620_mask.shp,gridcode,-1,-1,C:/Users/Administrator/Documents/GEOG_596/img_output\18TXM585635_mask.shp,gridcode,-1,-1,C:/Users/Administrator/Documents/GEOG_596/img_output\18TXM585650_mask.shp,gridcode,-1,-1,C:/Users/Administrator/Documents/GEOG_596/img_output\18TXM585665_mask.shp,gridcode,-1,-1,C:/Users/Administrator/Documents/GEOG_596/img_output\18TXM585680_mask.shp,gridcode,-1,-1,C:/Users/Administrator/Documents/GEOG_596/img_output\18TXM600560_mask.shp,gridcode,-1,-1,C:/Users/Administrator/Documents/GEOG_596/img_output\18TXM600575_mask.shp,gridcode,-1,-1,C:/Users/Administrator/Documents/GEOG_596/img_output\18TXM600590_mask.shp,gridcode,-1,-1,C:/Users/Administrator/Documents/GEOG_596/img_output\18TXM600605_mask.shp,gridcode,-1,-1,C:/Users/Administrator/Documents/GEOG_596/img_output\18TXM600620_mask.shp,gridcode,-1,-1,C:/Users/Administrator/Documents/GEOG_596/img_output\18TXM600635_mask.shp,gridcode,-1,-1,C:/Users/Administrator/Documents/GEOG_596/img_output\18TXM600650_mask.shp,gridcode,-1,-1,C:/Users/Administrator/Documents/GEOG_596/img_output\18TXM600665_mask.shp,gridcode,-1,-1,C:/Users/Administrator/Documents/GEOG_596/img_output\18TXM615560_mask.shp,gridcode,-1,-1,C:/Users/Administrator/Documents/GEOG_596/img_output\18TXM615575_mask.shp,gridcode,-1,-1,C:/Users/Administrator/Documents/GEOG_596/img_output\18TXM615590_mask.shp,gridcode,-1,-1,C:/Users/Administrator/Documents/GEOG_596/img_output\18TXM615605_mask.shp,gridcode,-1,-1,C:/Users/Administrator/Documents/GEOG_596/img_output\18TXM615620_mask.shp,gridcode,-1,-1,C:/Users/Administrator/Documents/GEOG_596/img_output\18TXM615635_mask.shp,gridcode,-1,-1,C:/Users/Administrator/Documents/GEOG_596/img_output\18TXM615650_mask.shp,gridcode,-1,-1,C:/Users/Administrator/Documents/GEOG_596/img_output\18TXM615665_mask.shp,gridcode,-1,-1,C:/Users/Administrator/Documents/GEOG_596/img_output\18TXM615680_mask.shp,gridcode,-1,-1,C:/Users/Administrator/Documents/GEOG_596/img_output\18TXM615695_mask.shp,gridcode,-1,-1,C:/Users/Administrator/Documents/GEOG_596/img_output\18TXM630560_mask.shp,gridcode,-1,-1,C:/Users/Administrator/Documents/GEOG_596/img_output\18TXM630575_mask.shp,gridcode,-1,-1,C:/Users/Administrator/Documents/GEOG_596/img_output\18TXM630590_mask.shp,gridcode,-1,-1,C:/Users/Administrator/Documents/GEOG_596/img_output\18TXM630605_mask.shp,gridcode,-1,-1,C:/Users/Administrator/Documents/GEOG_596/img_output\18TXM630620_mask.shp,gridcode,-1,-1,C:/Users/Administrator/Documents/GEOG_596/img_output\18TXM630635_mask.shp,gridcode,-1,-1,C:/Users/Administrator/Documents/GEOG_596/img_output\18TXM630650_mask.shp,gridcode,-1,-1,C:/Users/Administrator/Documents/GEOG_596/img_output\18TXM630665_mask.shp,gridcode,-1,-1,C:/Users/Administrator/Documents/GEOG_596/img_output\18TXM630680_mask.shp,gridcode,-1,-1,C:/Users/Administrator/Documents/GEOG_596/img_output\18TXM630695_mask.shp,gridcode,-1,-1,C:/Users/Administrator/Documents/GEOG_596/img_output\18TXM630710_mask.shp,gridcode,-1,-1,C:/Users/Administrator/Documents/GEOG_596/img_output\18TXM630725_mask.shp,gridcode,-1,-1,C:/Users/Administrator/Documents/GEOG_596/img_output\18TXM630740_mask.shp,gridcode,-1,-1,C:/Users/Administrator/Documents/GEOG_596/img_output\18TXM630755_mask.shp,gridcode,-1,-1,C:/Users/Administrator/Documents/GEOG_596/img_output\18TXM630770_mask.shp,gridcode,-1,-1,C:/Users/Administrator/Documents/GEOG_596/img_output\18TXM630785_mask.shp,gridcode,-1,-1,C:/Users/Administrator/Documents/GEOG_596/img_output\18TXM645545_mask.shp,gridcode,-1,-1,C:/Users/Administrator/Documents/GEOG_596/img_output\18TXM645560_mask.shp,gridcode,-1,-1,C:/Users/Administrator/Documents/GEOG_596/img_output\18TXM645575_mask.shp,gridcode,-1,-1,C:/Users/Administrator/Documents/GEOG_596/img_output\18TXM645590_mask.shp,gridcode,-1,-1,C:/Users/Administrator/Documents/GEOG_596/img_output\18TXM645605_mask.shp,gridcode,-1,-1,C:/Users/Administrator/Documents/GEOG_596/img_output\18TXM645620_mask.shp,gridcode,-1,-1,C:/Users/Administrator/Documents/GEOG_596/img_output\18TXM645635_mask.shp,gridcode,-1,-1,C:/Users/Administrator/Documents/GEOG_596/img_output\18TXM645650_mask.shp,gridcode,-1,-1,C:/Users/Administrator/Documents/GEOG_596/img_output\18TXM645665_mask.shp,gridcode,-1,-1,C:/Users/Administrator/Documents/GEOG_596/img_output\18TXM645680_mask.shp,gridcode,-1,-1,C:/Users/Administrator/Documents/GEOG_596/img_output\18TXM645695_mask.shp,gridcode,-1,-1,C:/Users/Administrator/Documents/GEOG_596/img_output\18TXM645710_mask.shp,gridcode,-1,-1,C:/Users/Administrator/Documents/GEOG_596/img_output\18TXM645725_mask.shp,gridcode,-1,-1,C:/Users/Administrator/Documents/GEOG_596/img_output\18TXM645740_mask.shp,gridcode,-1,-1,C:/Users/Administrator/Documents/GEOG_596/img_output\18TXM645755_mask.shp,gridcode,-1,-1,C:/Users/Administrator/Documents/GEOG_596/img_output\18TXM645770_mask.shp,gridcode,-1,-1,C:/Users/Administrator/Documents/GEOG_596/img_output\18TXM645785_mask.shp,gridcode,-1,-1,C:/Users/Administrator/Documents/GEOG_596/img_output\18TXM645800_mask.shp,gridcode,-1,-1,C:/Users/Administrator/Documents/GEOG_596/img_output\18TXM645815_mask.shp,gridcode,-1,-1,C:/Users/Administrator/Documents/GEOG_596/img_output\18TXM645830_mask.shp,gridcode,-1,-1,C:/Users/Administrator/Documents/GEOG_596/img_output\18TXM645845_mask.shp,gridcode,-1,-1,C:/Users/Administrator/Documents/GEOG_596/img_output\18TXM645860_mask.shp,gridcode,-1,-1,C:/Users/Administrator/Documents/GEOG_596/img_output\18TXM645875_mask.shp,gridcode,-1,-1,C:/Users/Administrator/Documents/GEOG_596/img_output\18TXM660545_mask.shp,gridcode,-1,-1,C:/Users/Administrator/Documents/GEOG_596/img_output\18TXM660560_mask.shp,gridcode,-1,-1,C:/Users/Administrator/Documents/GEOG_596/img_output\18TXM660575_mask.shp,gridcode,-1,-1,C:/Users/Administrator/Documents/GEOG_596/img_output\18TXM660590_mask.shp,gridcode,-1,-1,C:/Users/Administrator/Documents/GEOG_596/img_output\18TXM660605_mask.shp,gridcode,-1,-1,C:/Users/Administrator/Documents/GEOG_596/img_output\18TXM660620_mask.shp,gridcode,-1,-1,C:/Users/Administrator/Documents/GEOG_596/img_output\18TXM660635_mask.shp,gridcode,-1,-1,C:/Users/Administrator/Documents/GEOG_596/img_output\18TXM660650_mask.shp,gridcode,-1,-1,C:/Users/Administrator/Documents/GEOG_596/img_output\18TXM660665_mask.shp,gridcode,-1,-1,C:/Users/Administrator/Documents/GEOG_596/img_output\18TXM660680_mask.shp,gridcode,-1,-1,C:/Users/Administrator/Documents/GEOG_596/img_output\18TXM660695_mask.shp,gridcode,-1,-1,C:/Users/Administrator/Documents/GEOG_596/img_output\18TXM660710_mask.shp,gridcode,-1,-1,C:/Users/Administrator/Documents/GEOG_596/img_output\18TXM660725_mask.shp,gridcode,-1,-1,C:/Users/Administrator/Documents/GEOG_596/img_output\18TXM660740_mask.shp,gridcode,-1,-1,C:/Users/Administrator/Documents/GEOG_596/img_output\18TXM660755_mask.shp,gridcode,-1,-1,C:/Users/Administrator/Documents/GEOG_596/img_output\18TXM660770_mask.shp,gridcode,-1,-1,C:/Users/Administrator/Documents/GEOG_596/img_output\18TXM660785_mask.shp,gridcode,-1,-1,C:/Users/Administrator/Documents/GEOG_596/img_output\18TXM660800_mask.shp,gridcode,-1,-1,C:/Users/Administrator/Documents/GEOG_596/img_output\18TXM660815_mask.shp,gridcode,-1,-1,C:/Users/Administrator/Documents/GEOG_596/img_output\18TXM660830_mask.shp,gridcode,-1,-1,C:/Users/Administrator/Documents/GEOG_596/img_output\18TXM660845_mask.shp,gridcode,-1,-1,C:/Users/Administrator/Documents/GEOG_596/img_output\18TXM660860_mask.shp,gridcode,-1,-1,C:/Users/Administrator/Documents/GEOG_596/img_output\18TXM660875_mask.shp,gridcode,-1,-1,C:/Users/Administrator/Documents/GEOG_596/img_output\18TXM675545_mask.shp,gridcode,-1,-1,C:/Users/Administrator/Documents/GEOG_596/img_output\18TXM675560_mask.shp,gridcode,-1,-1,C:/Users/Administrator/Documents/GEOG_596/img_output\18TXM675575_mask.shp,gridcode,-1,-1,C:/Users/Administrator/Documents/GEOG_596/img_output\18TXM675590_mask.shp,gridcode,-1,-1,C:/Users/Administrator/Documents/GEOG_596/img_output\18TXM675605_mask.shp,gridcode,-1,-1,C:/Users/Administrator/Documents/GEOG_596/img_output\18TXM675620_mask.shp,gridcode,-1,-1,C:/Users/Administrator/Documents/GEOG_596/img_output\18TXM675635_mask.shp,gridcode,-1,-1,C:/Users/Administrator/Documents/GEOG_596/img_output\18TXM675650_mask.shp,gridcode,-1,-1,C:/Users/Administrator/Documents/GEOG_596/img_output\18TXM675665_mask.shp,gridcode,-1,-1,C:/Users/Administrator/Documents/GEOG_596/img_output\18TXM675680_mask.shp,gridcode,-1,-1,C:/Users/Administrator/Documents/GEOG_596/img_output\18TXM675695_mask.shp,gridcode,-1,-1,C:/Users/Administrator/Documents/GEOG_596/img_output\18TXM675710_mask.shp,gridcode,-1,-1,C:/Users/Administrator/Documents/GEOG_596/img_output\18TXM675725_mask.shp,gridcode,-1,-1,C:/Users/Administrator/Documents/GEOG_596/img_output\18TXM675740_mask.shp,gridcode,-1,-1,C:/Users/Administrator/Documents/GEOG_596/img_output\18TXM675755_mask.shp,gridcode,-1,-1,C:/Users/Administrator/Documents/GEOG_596/img_output\18TXM675770_mask.shp,gridcode,-1,-1,C:/Users/Administrator/Documents/GEOG_596/img_output\18TXM675785_mask.shp,gridcode,-1,-1,C:/Users/Administrator/Documents/GEOG_596/img_output\18TXM675800_mask.shp,gridcode,-1,-1,C:/Users/Administrator/Documents/GEOG_596/img_output\18TXM675815_mask.shp,gridcode,-1,-1,C:/Users/Administrator/Documents/GEOG_596/img_output\18TXM675830_mask.shp,gridcode,-1,-1,C:/Users/Administrator/Documents/GEOG_596/img_output\18TXM675845_mask.shp,gridcode,-1,-1,C:/Users/Administrator/Documents/GEOG_596/img_output\18TXM675860_mask.shp,gridcode,-1,-1,C:/Users/Administrator/Documents/GEOG_596/img_output\18TXM675875_mask.shp,gridcode,-1,-1,C:/Users/Administrator/Documents/GEOG_596/img_output\18TXM675890_mask.shp,gridcode,-1,-1,C:/Users/Administrator/Documents/GEOG_596/img_output\18TXM690560_mask.shp,gridcode,-1,-1,C:/Users/Administrator/Documents/GEOG_596/img_output\18TXM690575_mask.shp,gridcode,-1,-1,C:/Users/Administrator/Documents/GEOG_596/img_output\18TXM690590_mask.shp,gridcode,-1,-1,C:/Users/Administrator/Documents/GEOG_596/img_output\18TXM690605_mask.shp,gridcode,-1,-1,C:/Users/Administrator/Documents/GEOG_596/img_output\18TXM690620_mask.shp,gridcode,-1,-1,C:/Users/Administrator/Documents/GEOG_596/img_output\18TXM690635_mask.shp,gridcode,-1,-1,C:/Users/Administrator/Documents/GEOG_596/img_output\18TXM690650_mask.shp,gridcode,-1,-1,C:/Users/Administrator/Documents/GEOG_596/img_output\18TXM690665_mask.shp,gridcode,-1,-1,C:/Users/Administrator/Documents/GEOG_596/img_output\18TXM690680_mask.shp,gridcode,-1,-1,C:/Users/Administrator/Documents/GEOG_596/img_output\18TXM690695_mask.shp,gridcode,-1,-1,C:/Users/Administrator/Documents/GEOG_596/img_output\18TXM690710_mask.shp,gridcode,-1,-1,C:/Users/Administrator/Documents/GEOG_596/img_output\18TXM690725_mask.shp,gridcode,-1,-1,C:/Users/Administrator/Documents/GEOG_596/img_output\18TXM690740_mask.shp,gridcode,-1,-1,C:/Users/Administrator/Documents/GEOG_596/img_output\18TXM690755_mask.shp,gridcode,-1,-1,C:/Users/Administrator/Documents/GEOG_596/img_output\18TXM690770_mask.shp,gridcode,-1,-1,C:/Users/Administrator/Documents/GEOG_596/img_output\18TXM690785_mask.shp,gridcode,-1,-1,C:/Users/Administrator/Documents/GEOG_596/img_output\18TXM690800_mask.shp,gridcode,-1,-1,C:/Users/Administrator/Documents/GEOG_596/img_output\18TXM690815_mask.shp,gridcode,-1,-1,C:/Users/Administrator/Documents/GEOG_596/img_output\18TXM690830_mask.shp,gridcode,-1,-1,C:/Users/Administrator/Documents/GEOG_596/img_output\18TXM690845_mask.shp,gridcode,-1,-1,C:/Users/Administrator/Documents/GEOG_596/img_output\18TXM690860_mask.shp,gridcode,-1,-1,C:/Users/Administrator/Documents/GEOG_596/img_output\18TXM690875_mask.shp,gridcode,-1,-1,C:/Users/Administrator/Documents/GEOG_596/img_output\18TXM690890_mask.shp,gridcode,-1,-1,C:/Users/Administrator/Documents/GEOG_596/img_output\18TXM705560_mask.shp,gridcode,-1,-1,C:/Users/Administrator/Documents/GEOG_596/img_output\18TXM705575_mask.shp,gridcode,-1,-1,C:/Users/Administrator/Documents/GEOG_596/img_output\18TXM705590_mask.shp,gridcode,-1,-1,C:/Users/Administrator/Documents/GEOG_596/img_output\18TXM705605_mask.shp,gridcode,-1,-1,C:/Users/Administrator/Documents/GEOG_596/img_output\18TXM705620_mask.shp,gridcode,-1,-1,C:/Users/Administrator/Documents/GEOG_596/img_output\18TXM705635_mask.shp,gridcode,-1,-1,C:/Users/Administrator/Documents/GEOG_596/img_output\18TXM705650_mask.shp,gridcode,-1,-1,C:/Users/Administrator/Documents/GEOG_596/img_output\18TXM705665_mask.shp,gridcode,-1,-1,C:/Users/Administrator/Documents/GEOG_596/img_output\18TXM705680_mask.shp,gridcode,-1,-1,C:/Users/Administrator/Documents/GEOG_596/img_output\18TXM705695_mask.shp,gridcode,-1,-1,C:/Users/Administrator/Documents/GEOG_596/img_output\18TXM705710_mask.shp,gridcode,-1,-1,C:/Users/Administrator/Documents/GEOG_596/img_output\18TXM705725_mask.shp,gridcode,-1,-1,C:/Users/Administrator/Documents/GEOG_596/img_output\18TXM705740_mask.shp,gridcode,-1,-1,C:/Users/Administrator/Documents/GEOG_596/img_output\18TXM705755_mask.shp,gridcode,-1,-1,C:/Users/Administrator/Documents/GEOG_596/img_output\18TXM705770_mask.shp,gridcode,-1,-1,C:/Users/Administrator/Documents/GEOG_596/img_output\18TXM705785_mask.shp,gridcode,-1,-1,C:/Users/Administrator/Documents/GEOG_596/img_output\18TXM705800_mask.shp,gridcode,-1,-1,C:/Users/Administrator/Documents/GEOG_596/img_output\18TXM705815_mask.shp,gridcode,-1,-1,C:/Users/Administrator/Documents/GEOG_596/img_output\18TXM705830_mask.shp,gridcode,-1,-1,C:/Users/Administrator/Documents/GEOG_596/img_output\18TXM705845_mask.shp,gridcode,-1,-1,C:/Users/Administrator/Documents/GEOG_596/img_output\18TXM705860_mask.shp,gridcode,-1,-1,C:/Users/Administrator/Documents/GEOG_596/img_output\18TXM705875_mask.shp,gridcode,-1,-1,C:/Users/Administrator/Documents/GEOG_596/img_output\18TXM705890_mask.shp,gridcode,-1,-1,C:/Users/Administrator/Documents/GEOG_596/img_output\18TXM720560_mask.shp,gridcode,-1,-1,C:/Users/Administrator/Documents/GEOG_596/img_output\18TXM720575_mask.shp,gridcode,-1,-1,C:/Users/Administrator/Documents/GEOG_596/img_output\18TXM720590_mask.shp,gridcode,-1,-1,C:/Users/Administrator/Documents/GEOG_596/img_output\18TXM720605_mask.shp,gridcode,-1,-1,C:/Users/Administrator/Documents/GEOG_596/img_output\18TXM720620_mask.shp,gridcode,-1,-1,C:/Users/Administrator/Documents/GEOG_596/img_output\18TXM720635_mask.shp,gridcode,-1,-1,C:/Users/Administrator/Documents/GEOG_596/img_output\18TXM720650_mask.shp,gridcode,-1,-1,C:/Users/Administrator/Documents/GEOG_596/img_output\18TXM720665_mask.shp,gridcode,-1,-1,C:/Users/Administrator/Documents/GEOG_596/img_output\18TXM720680_mask.shp,gridcode,-1,-1,C:/Users/Administrator/Documents/GEOG_596/img_output\18TXM720695_mask.shp,gridcode,-1,-1,C:/Users/Administrator/Documents/GEOG_596/img_output\18TXM720710_mask.shp,gridcode,-1,-1,C:/Users/Administrator/Documents/GEOG_596/img_output\18TXM720725_mask.shp,gridcode,-1,-1,C:/Users/Administrator/Documents/GEOG_596/img_output\18TXM720740_mask.shp,gridcode,-1,-1,C:/Users/Administrator/Documents/GEOG_596/img_output\18TXM720755_mask.shp,gridcode,-1,-1,C:/Users/Administrator/Documents/GEOG_596/img_output\18TXM720770_mask.shp,gridcode,-1,-1,C:/Users/Administrator/Documents/GEOG_596/img_output\18TXM720785_mask.shp,gridcode,-1,-1,C:/Users/Administrator/Documents/GEOG_596/img_output\18TXM720800_mask.shp,gridcode,-1,-1,C:/Users/Administrator/Documents/GEOG_596/img_output\18TXM720815_mask.shp,gridcode,-1,-1,C:/Users/Administrator/Documents/GEOG_596/img_output\18TXM720830_mask.shp,gridcode,-1,-1,C:/Users/Administrator/Documents/GEOG_596/img_output\18TXM720845_mask.shp,gridcode,-1,-1,C:/Users/Administrator/Documents/GEOG_596/img_output\18TXM720860_mask.shp,gridcode,-1,-1,C:/Users/Administrator/Documents/GEOG_596/img_output\18TXM720875_mask.shp,gridcode,-1,-1,C:/Users/Administrator/Documents/GEOG_596/img_output\18TXM720890_mask.shp,gridcode,-1,-1,C:/Users/Administrator/Documents/GEOG_596/img_output\18TXM735560_mask.shp,gridcode,-1,-1,C:/Users/Administrator/Documents/GEOG_596/img_output\18TXM735575_mask.shp,gridcode,-1,-1,C:/Users/Administrator/Documents/GEOG_596/img_output\18TXM735590_mask.shp,gridcode,-1,-1,C:/Users/Administrator/Documents/GEOG_596/img_output\18TXM735605_mask.shp,gridcode,-1,-1,C:/Users/Administrator/Documents/GEOG_596/img_output\18TXM735620_mask.shp,gridcode,-1,-1,C:/Users/Administrator/Documents/GEOG_596/img_output\18TXM735635_mask.shp,gridcode,-1,-1,C:/Users/Administrator/Documents/GEOG_596/img_output\18TXM735650_mask.shp,gridcode,-1,-1,C:/Users/Administrator/Documents/GEOG_596/img_output\18TXM735665_mask.shp,gridcode,-1,-1,C:/Users/Administrator/Documents/GEOG_596/img_output\18TXM735680_mask.shp,gridcode,-1,-1,C:/Users/Administrator/Documents/GEOG_596/img_output\18TXM735695_mask.shp,gridcode,-1,-1,C:/Users/Administrator/Documents/GEOG_596/img_output\18TXM735710_mask.shp,gridcode,-1,-1,C:/Users/Administrator/Documents/GEOG_596/img_output\18TXM735725_mask.shp,gridcode,-1,-1,C:/Users/Administrator/Documents/GEOG_596/img_output\18TXM735740_mask.shp,gridcode,-1,-1,C:/Users/Administrator/Documents/GEOG_596/img_output\18TXM735755_mask.shp,gridcode,-1,-1,C:/Users/Administrator/Documents/GEOG_596/img_output\18TXM735770_mask.shp,gridcode,-1,-1,C:/Users/Administrator/Documents/GEOG_596/img_output\18TXM735785_mask.shp,gridcode,-1,-1,C:/Users/Administrator/Documents/GEOG_596/img_output\18TXM735800_mask.shp,gridcode,-1,-1,C:/Users/Administrator/Documents/GEOG_596/img_output\18TXM735815_mask.shp,gridcode,-1,-1,C:/Users/Administrator/Documents/GEOG_596/img_output\18TXM735830_mask.shp,gridcode,-1,-1,C:/Users/Administrator/Documents/GEOG_596/img_output\18TXM735845_mask.shp,gridcode,-1,-1;AREA_SQM "AREA_SQM" true true false 7 Float 2 6,First,#,C:/Users/Administrator/Documents/GEOG_596/img_output\18TXM585590_mask.shp,AREA_SQM,-1,-1,C:/Users/Administrator/Documents/GEOG_596/img_output\18TXM585605_mask.shp,AREA_SQM,-1,-1,C:/Users/Administrator/Documents/GEOG_596/img_output\18TXM585620_mask.shp,AREA_SQM,-1,-1,C:/Users/Administrator/Documents/GEOG_596/img_output\18TXM585635_mask.shp,AREA_SQM,-1,-1,C:/Users/Administrator/Documents/GEOG_596/img_output\18TXM585650_mask.shp,AREA_SQM,-1,-1,C:/Users/Administrator/Documents/GEOG_596/img_output\18TXM585665_mask.shp,AREA_SQM,-1,-1,C:/Users/Administrator/Documents/GEOG_596/img_output\18TXM585680_mask.shp,AREA_SQM,-1,-1,C:/Users/Administrator/Documents/GEOG_596/img_output\18TXM600560_mask.shp,AREA_SQM,-1,-1,C:/Users/Administrator/Documents/GEOG_596/img_output\18TXM600575_mask.shp,AREA_SQM,-1,-1,C:/Users/Administrator/Documents/GEOG_596/img_output\18TXM600590_mask.shp,AREA_SQM,-1,-1,C:/Users/Administrator/Documents/GEOG_596/img_output\18TXM600605_mask.shp,AREA_SQM,-1,-1,C:/Users/Administrator/Documents/GEOG_596/img_output\18TXM600620_mask.shp,AREA_SQM,-1,-1,C:/Users/Administrator/Documents/GEOG_596/img_output\18TXM600635_mask.shp,AREA_SQM,-1,-1,C:/Users/Administrator/Documents/GEOG_596/img_output\18TXM600650_mask.shp,AREA_SQM,-1,-1,C:/Users/Administrator/Documents/GEOG_596/img_output\18TXM600665_mask.shp,AREA_SQM,-1,-1,C:/Users/Administrator/Documents/GEOG_596/img_output\18TXM615560_mask.shp,AREA_SQM,-1,-1,C:/Users/Administrator/Documents/GEOG_596/img_output\18TXM615575_mask.shp,AREA_SQM,-1,-1,C:/Users/Administrator/Documents/GEOG_596/img_output\18TXM615590_mask.shp,AREA_SQM,-1,-1,C:/Users/Administrator/Documents/GEOG_596/img_output\18TXM615605_mask.shp,AREA_SQM,-1,-1,C:/Users/Administrator/Documents/GEOG_596/img_output\18TXM615620_mask.shp,AREA_SQM,-1,-1,C:/Users/Administrator/Documents/GEOG_596/img_output\18TXM615635_mask.shp,AREA_SQM,-1,-1,C:/Users/Administrator/Documents/GEOG_596/img_output\18TXM615650_mask.shp,AREA_SQM,-1,-1,C:/Users/Administrator/Documents/GEOG_596/img_output\18TXM615665_mask.shp,AREA_SQM,-1,-1,C:/Users/Administrator/Documents/GEOG_596/img_output\18TXM615680_mask.shp,AREA_SQM,-1,-1,C:/Users/Administrator/Documents/GEOG_596/img_output\18TXM615695_mask.shp,AREA_SQM,-1,-1,C:/Users/Administrator/Documents/GEOG_596/img_output\18TXM630560_mask.shp,AREA_SQM,-1,-1,C:/Users/Administrator/Documents/GEOG_596/img_output\18TXM630575_mask.shp,AREA_SQM,-1,-1,C:/Users/Administrator/Documents/GEOG_596/img_output\18TXM630590_mask.shp,AREA_SQM,-1,-1,C:/Users/Administrator/Documents/GEOG_596/img_output\18TXM630605_mask.shp,AREA_SQM,-1,-1,C:/Users/Administrator/Documents/GEOG_596/img_output\18TXM630620_mask.shp,AREA_SQM,-1,-1,C:/Users/Administrator/Documents/GEOG_596/img_output\18TXM630635_mask.shp,AREA_SQM,-1,-1,C:/Users/Administrator/Documents/GEOG_596/img_output\18TXM630650_mask.shp,AREA_SQM,-1,-1,C:/Users/Administrator/Documents/GEOG_596/img_output\18TXM630665_mask.shp,AREA_SQM,-1,-1,C:/Users/Administrator/Documents/GEOG_596/img_output\18TXM630680_mask.shp,AREA_SQM,-1,-1,C:/Users/Administrator/Documents/GEOG_596/img_output\18TXM630695_mask.shp,AREA_SQM,-1,-1,C:/Users/Administrator/Documents/GEOG_596/img_output\18TXM630710_mask.shp,AREA_SQM,-1,-1,C:/Users/Administrator/Documents/GEOG_596/img_output\18TXM630725_mask.shp,AREA_SQM,-1,-1,C:/Users/Administrator/Documents/GEOG_596/img_output\18TXM630740_mask.shp,AREA_SQM,-1,-1,C:/Users/Administrator/Documents/GEOG_596/img_output\18TXM630755_mask.shp,AREA_SQM,-1,-1,C:/Users/Administrator/Documents/GEOG_596/img_output\18TXM630770_mask.shp,AREA_SQM,-1,-1,C:/Users/Administrator/Documents/GEOG_596/img_output\18TXM630785_mask.shp,AREA_SQM,-1,-1,C:/Users/Administrator/Documents/GEOG_596/img_output\18TXM645545_mask.shp,AREA_SQM,-1,-1,C:/Users/Administrator/Documents/GEOG_596/img_output\18TXM645560_mask.shp,AREA_SQM,-1,-1,C:/Users/Administrator/Documents/GEOG_596/img_output\18TXM645575_mask.shp,AREA_SQM,-1,-1,C:/Users/Administrator/Documents/GEOG_596/img_output\18TXM645590_mask.shp,AREA_SQM,-1,-1,C:/Users/Administrator/Documents/GEOG_596/img_output\18TXM645605_mask.shp,AREA_SQM,-1,-1,C:/Users/Administrator/Documents/GEOG_596/img_output\18TXM645620_mask.shp,AREA_SQM,-1,-1,C:/Users/Administrator/Documents/GEOG_596/img_output\18TXM645635_mask.shp,AREA_SQM,-1,-1,C:/Users/Administrator/Documents/GEOG_596/img_output\18TXM645650_mask.shp,AREA_SQM,-1,-1,C:/Users/Administrator/Documents/GEOG_596/img_output\18TXM645665_mask.shp,AREA_SQM,-1,-1,C:/Users/Administrator/Documents/GEOG_596/img_output\18TXM645680_mask.shp,AREA_SQM,-1,-1,C:/Users/Administrator/Documents/GEOG_596/img_output\18TXM645695_mask.shp,AREA_SQM,-1,-1,C:/Users/Administrator/Documents/GEOG_596/img_output\18TXM645710_mask.shp,AREA_SQM,-1,-1,C:/Users/Administrator/Documents/GEOG_596/img_output\18TXM645725_mask.shp,AREA_SQM,-1,-1,C:/Users/Administrator/Documents/GEOG_596/img_output\18TXM645740_mask.shp,AREA_SQM,-1,-1,C:/Users/Administrator/Documents/GEOG_596/img_output\18TXM645755_mask.shp,AREA_SQM,-1,-1,C:/Users/Administrator/Documents/GEOG_596/img_output\18TXM645770_mask.shp,AREA_SQM,-1,-1,C:/Users/Administrator/Documents/GEOG_596/img_output\18TXM645785_mask.shp,AREA_SQM,-1,-1,C:/Users/Administrator/Documents/GEOG_596/img_output\18TXM645800_mask.shp,AREA_SQM,-1,-1,C:/Users/Administrator/Documents/GEOG_596/img_output\18TXM645815_mask.shp,AREA_SQM,-1,-1,C:/Users/Administrator/Documents/GEOG_596/img_output\18TXM645830_mask.shp,AREA_SQM,-1,-1,C:/Users/Administrator/Documents/GEOG_596/img_output\18TXM645845_mask.shp,AREA_SQM,-1,-1,C:/Users/Administrator/Documents/GEOG_596/img_output\18TXM645860_mask.shp,AREA_SQM,-1,-1,C:/Users/Administrator/Documents/GEOG_596/img_output\18TXM645875_mask.shp,AREA_SQM,-1,-1,C:/Users/Administrator/Documents/GEOG_596/img_output\18TXM660545_mask.shp,AREA_SQM,-1,-1,C:/Users/Administrator/Documents/GEOG_596/img_output\18TXM660560_mask.shp,AREA_SQM,-1,-1,C:/Users/Administrator/Documents/GEOG_596/img_output\18TXM660575_mask.shp,AREA_SQM,-1,-1,C:/Users/Administrator/Documents/GEOG_596/img_output\18TXM660590_mask.shp,AREA_SQM,-1,-1,C:/Users/Administrator/Documents/GEOG_596/img_output\18TXM660605_mask.shp,AREA_SQM,-1,-1,C:/Users/Administrator/Documents/GEOG_596/img_output\18TXM660620_mask.shp,AREA_SQM,-1,-1,C:/Users/Administrator/Documents/GEOG_596/img_output\18TXM660635_mask.shp,AREA_SQM,-1,-1,C:/Users/Administrator/Documents/GEOG_596/img_output\18TXM660650_mask.shp,AREA_SQM,-1,-1,C:/Users/Administrator/Documents/GEOG_596/img_output\18TXM660665_mask.shp,AREA_SQM,-1,-1,C:/Users/Administrator/Documents/GEOG_596/img_output\18TXM660680_mask.shp,AREA_SQM,-1,-1,C:/Users/Administrator/Documents/GEOG_596/img_output\18TXM660695_mask.shp,AREA_SQM,-1,-1,C:/Users/Administrator/Documents/GEOG_596/img_output\18TXM660710_mask.shp,AREA_SQM,-1,-1,C:/Users/Administrator/Documents/GEOG_596/img_output\18TXM660725_mask.shp,AREA_SQM,-1,-1,C:/Users/Administrator/Documents/GEOG_596/img_output\18TXM660740_mask.shp,AREA_SQM,-1,-1,C:/Users/Administrator/Documents/GEOG_596/img_output\18TXM660755_mask.shp,AREA_SQM,-1,-1,C:/Users/Administrator/Documents/GEOG_596/img_output\18TXM660770_mask.shp,AREA_SQM,-1,-1,C:/Users/Administrator/Documents/GEOG_596/img_output\18TXM660785_mask.shp,AREA_SQM,-1,-1,C:/Users/Administrator/Documents/GEOG_596/img_output\18TXM660800_mask.shp,AREA_SQM,-1,-1,C:/Users/Administrator/Documents/GEOG_596/img_output\18TXM660815_mask.shp,AREA_SQM,-1,-1,C:/Users/Administrator/Documents/GEOG_596/img_output\18TXM660830_mask.shp,AREA_SQM,-1,-1,C:/Users/Administrator/Documents/GEOG_596/img_output\18TXM660845_mask.shp,AREA_SQM,-1,-1,C:/Users/Administrator/Documents/GEOG_596/img_output\18TXM660860_mask.shp,AREA_SQM,-1,-1,C:/Users/Administrator/Documents/GEOG_596/img_output\18TXM660875_mask.shp,AREA_SQM,-1,-1,C:/Users/Administrator/Documents/GEOG_596/img_output\18TXM675545_mask.shp,AREA_SQM,-1,-1,C:/Users/Administrator/Documents/GEOG_596/img_output\18TXM675560_mask.shp,AREA_SQM,-1,-1,C:/Users/Administrator/Documents/GEOG_596/img_output\18TXM675575_mask.shp,AREA_SQM,-1,-1,C:/Users/Administrator/Documents/GEOG_596/img_output\18TXM675590_mask.shp,AREA_SQM,-1,-1,C:/Users/Administrator/Documents/GEOG_596/img_output\18TXM675605_mask.shp,AREA_SQM,-1,-1,C:/Users/Administrator/Documents/GEOG_596/img_output\18TXM675620_mask.shp,AREA_SQM,-1,-1,C:/Users/Administrator/Documents/GEOG_596/img_output\18TXM675635_mask.shp,AREA_SQM,-1,-1,C:/Users/Administrator/Documents/GEOG_596/img_output\18TXM675650_mask.shp,AREA_SQM,-1,-1,C:/Users/Administrator/Documents/GEOG_596/img_output\18TXM675665_mask.shp,AREA_SQM,-1,-1,C:/Users/Administrator/Documents/GEOG_596/img_output\18TXM675680_mask.shp,AREA_SQM,-1,-1,C:/Users/Administrator/Documents/GEOG_596/img_output\18TXM675695_mask.shp,AREA_SQM,-1,-1,C:/Users/Administrator/Documents/GEOG_596/img_output\18TXM675710_mask.shp,AREA_SQM,-1,-1,C:/Users/Administrator/Documents/GEOG_596/img_output\18TXM675725_mask.shp,AREA_SQM,-1,-1,C:/Users/Administrator/Documents/GEOG_596/img_output\18TXM675740_mask.shp,AREA_SQM,-1,-1,C:/Users/Administrator/Documents/GEOG_596/img_output\18TXM675755_mask.shp,AREA_SQM,-1,-1,C:/Users/Administrator/Documents/GEOG_596/img_output\18TXM675770_mask.shp,AREA_SQM,-1,-1,C:/Users/Administrator/Documents/GEOG_596/img_output\18TXM675785_mask.shp,AREA_SQM,-1,-1,C:/Users/Administrator/Documents/GEOG_596/img_output\18TXM675800_mask.shp,AREA_SQM,-1,-1,C:/Users/Administrator/Documents/GEOG_596/img_output\18TXM675815_mask.shp,AREA_SQM,-1,-1,C:/Users/Administrator/Documents/GEOG_596/img_output\18TXM675830_mask.shp,AREA_SQM,-1,-1,C:/Users/Administrator/Documents/GEOG_596/img_output\18TXM675845_mask.shp,AREA_SQM,-1,-1,C:/Users/Administrator/Documents/GEOG_596/img_output\18TXM675860_mask.shp,AREA_SQM,-1,-1,C:/Users/Administrator/Documents/GEOG_596/img_output\18TXM675875_mask.shp,AREA_SQM,-1,-1,C:/Users/Administrator/Documents/GEOG_596/img_output\18TXM675890_mask.shp,AREA_SQM,-1,-1,C:/Users/Administrator/Documents/GEOG_596/img_output\18TXM690560_mask.shp,AREA_SQM,-1,-1,C:/Users/Administrator/Documents/GEOG_596/img_output\18TXM690575_mask.shp,AREA_SQM,-1,-1,C:/Users/Administrator/Documents/GEOG_596/img_output\18TXM690590_mask.shp,AREA_SQM,-1,-1,C:/Users/Administrator/Documents/GEOG_596/img_output\18TXM690605_mask.shp,AREA_SQM,-1,-1,C:/Users/Administrator/Documents/GEOG_596/img_output\18TXM690620_mask.shp,AREA_SQM,-1,-1,C:/Users/Administrator/Documents/GEOG_596/img_output\18TXM690635_mask.shp,AREA_SQM,-1,-1,C:/Users/Administrator/Documents/GEOG_596/img_output\18TXM690650_mask.shp,AREA_SQM,-1,-1,C:/Users/Administrator/Documents/GEOG_596/img_output\18TXM690665_mask.shp,AREA_SQM,-1,-1,C:/Users/Administrator/Documents/GEOG_596/img_output\18TXM690680_mask.shp,AREA_SQM,-1,-1,C:/Users/Administrator/Documents/GEOG_596/img_output\18TXM690695_mask.shp,AREA_SQM,-1,-1,C:/Users/Administrator/Documents/GEOG_596/img_output\18TXM690710_mask.shp,AREA_SQM,-1,-1,C:/Users/Administrator/Documents/GEOG_596/img_output\18TXM690725_mask.shp,AREA_SQM,-1,-1,C:/Users/Administrator/Documents/GEOG_596/img_output\18TXM690740_mask.shp,AREA_SQM,-1,-1,C:/Users/Administrator/Documents/GEOG_596/img_output\18TXM690755_mask.shp,AREA_SQM,-1,-1,C:/Users/Administrator/Documents/GEOG_596/img_output\18TXM690770_mask.shp,AREA_SQM,-1,-1,C:/Users/Administrator/Documents/GEOG_596/img_output\18TXM690785_mask.shp,AREA_SQM,-1,-1,C:/Users/Administrator/Documents/GEOG_596/img_output\18TXM690800_mask.shp,AREA_SQM,-1,-1,C:/Users/Administrator/Documents/GEOG_596/img_output\18TXM690815_mask.shp,AREA_SQM,-1,-1,C:/Users/Administrator/Documents/GEOG_596/img_output\18TXM690830_mask.shp,AREA_SQM,-1,-1,C:/Users/Administrator/Documents/GEOG_596/img_output\18TXM690845_mask.shp,AREA_SQM,-1,-1,C:/Users/Administrator/Documents/GEOG_596/img_output\18TXM690860_mask.shp,AREA_SQM,-1,-1,C:/Users/Administrator/Documents/GEOG_596/img_output\18TXM690875_mask.shp,AREA_SQM,-1,-1,C:/Users/Administrator/Documents/GEOG_596/img_output\18TXM690890_mask.shp,AREA_SQM,-1,-1,C:/Users/Administrator/Documents/GEOG_596/img_output\18TXM705560_mask.shp,AREA_SQM,-1,-1,C:/Users/Administrator/Documents/GEOG_596/img_output\18TXM705575_mask.shp,AREA_SQM,-1,-1,C:/Users/Administrator/Documents/GEOG_596/img_output\18TXM705590_mask.shp,AREA_SQM,-1,-1,C:/Users/Administrator/Documents/GEOG_596/img_output\18TXM705605_mask.shp,AREA_SQM,-1,-1,C:/Users/Administrator/Documents/GEOG_596/img_output\18TXM705620_mask.shp,AREA_SQM,-1,-1,C:/Users/Administrator/Documents/GEOG_596/img_output\18TXM705635_mask.shp,AREA_SQM,-1,-1,C:/Users/Administrator/Documents/GEOG_596/img_output\18TXM705650_mask.shp,AREA_SQM,-1,-1,C:/Users/Administrator/Documents/GEOG_596/img_output\18TXM705665_mask.shp,AREA_SQM,-1,-1,C:/Users/Administrator/Documents/GEOG_596/img_output\18TXM705680_mask.shp,AREA_SQM,-1,-1,C:/Users/Administrator/Documents/GEOG_596/img_output\18TXM705695_mask.shp,AREA_SQM,-1,-1,C:/Users/Administrator/Documents/GEOG_596/img_output\18TXM705710_mask.shp,AREA_SQM,-1,-1,C:/Users/Administrator/Documents/GEOG_596/img_output\18TXM705725_mask.shp,AREA_SQM,-1,-1,C:/Users/Administrator/Documents/GEOG_596/img_output\18TXM705740_mask.shp,AREA_SQM,-1,-1,C:/Users/Administrator/Documents/GEOG_596/img_output\18TXM705755_mask.shp,AREA_SQM,-1,-1,C:/Users/Administrator/Documents/GEOG_596/img_output\18TXM705770_mask.shp,AREA_SQM,-1,-1,C:/Users/Administrator/Documents/GEOG_596/img_output\18TXM705785_mask.shp,AREA_SQM,-1,-1,C:/Users/Administrator/Documents/GEOG_596/img_output\18TXM705800_mask.shp,AREA_SQM,-1,-1,C:/Users/Administrator/Documents/GEOG_596/img_output\18TXM705815_mask.shp,AREA_SQM,-1,-1,C:/Users/Administrator/Documents/GEOG_596/img_output\18TXM705830_mask.shp,AREA_SQM,-1,-1,C:/Users/Administrator/Documents/GEOG_596/img_output\18TXM705845_mask.shp,AREA_SQM,-1,-1,C:/Users/Administrator/Documents/GEOG_596/img_output\18TXM705860_mask.shp,AREA_SQM,-1,-1,C:/Users/Administrator/Documents/GEOG_596/img_output\18TXM705875_mask.shp,AREA_SQM,-1,-1,C:/Users/Administrator/Documents/GEOG_596/img_output\18TXM705890_mask.shp,AREA_SQM,-1,-1,C:/Users/Administrator/Documents/GEOG_596/img_output\18TXM720560_mask.shp,AREA_SQM,-1,-1,C:/Users/Administrator/Documents/GEOG_596/img_output\18TXM720575_mask.shp,AREA_SQM,-1,-1,C:/Users/Administrator/Documents/GEOG_596/img_output\18TXM720590_mask.shp,AREA_SQM,-1,-1,C:/Users/Administrator/Documents/GEOG_596/img_output\18TXM720605_mask.shp,AREA_SQM,-1,-1,C:/Users/Administrator/Documents/GEOG_596/img_output\18TXM720620_mask.shp,AREA_SQM,-1,-1,C:/Users/Administrator/Documents/GEOG_596/img_output\18TXM720635_mask.shp,AREA_SQM,-1,-1,C:/Users/Administrator/Documents/GEOG_596/img_output\18TXM720650_mask.shp,AREA_SQM,-1,-1,C:/Users/Administrator/Documents/GEOG_596/img_output\18TXM720665_mask.shp,AREA_SQM,-1,-1,C:/Users/Administrator/Documents/GEOG_596/img_output\18TXM720680_mask.shp,AREA_SQM,-1,-1,C:/Users/Administrator/Documents/GEOG_596/img_output\18TXM720695_mask.shp,AREA_SQM,-1,-1,C:/Users/Administrator/Documents/GEOG_596/img_output\18TXM720710_mask.shp,AREA_SQM,-1,-1,C:/Users/Administrator/Documents/GEOG_596/img_output\18TXM720725_mask.shp,AREA_SQM,-1,-1,C:/Users/Administrator/Documents/GEOG_596/img_output\18TXM720740_mask.shp,AREA_SQM,-1,-1,C:/Users/Administrator/Documents/GEOG_596/img_output\18TXM720755_mask.shp,AREA_SQM,-1,-1,C:/Users/Administrator/Documents/GEOG_596/img_output\18TXM720770_mask.shp,AREA_SQM,-1,-1,C:/Users/Administrator/Documents/GEOG_596/img_output\18TXM720785_mask.shp,AREA_SQM,-1,-1,C:/Users/Administrator/Documents/GEOG_596/img_output\18TXM720800_mask.shp,AREA_SQM,-1,-1,C:/Users/Administrator/Documents/GEOG_596/img_output\18TXM720815_mask.shp,AREA_SQM,-1,-1,C:/Users/Administrator/Documents/GEOG_596/img_output\18TXM720830_mask.shp,AREA_SQM,-1,-1,C:/Users/Administrator/Documents/GEOG_596/img_output\18TXM720845_mask.shp,AREA_SQM,-1,-1,C:/Users/Administrator/Documents/GEOG_596/img_output\18TXM720860_mask.shp,AREA_SQM,-1,-1,C:/Users/Administrator/Documents/GEOG_596/img_output\18TXM720875_mask.shp,AREA_SQM,-1,-1,C:/Users/Administrator/Documents/GEOG_596/img_output\18TXM720890_mask.shp,AREA_SQM,-1,-1,C:/Users/Administrator/Documents/GEOG_596/img_output\18TXM735560_mask.shp,AREA_SQM,-1,-1,C:/Users/Administrator/Documents/GEOG_596/img_output\18TXM735575_mask.shp,AREA_SQM,-1,-1,C:/Users/Administrator/Documents/GEOG_596/img_output\18TXM735590_mask.shp,AREA_SQM,-1,-1,C:/Users/Administrator/Documents/GEOG_596/img_output\18TXM735605_mask.shp,AREA_SQM,-1,-1,C:/Users/Administrator/Documents/GEOG_596/img_output\18TXM735620_mask.shp,AREA_SQM,-1,-1,C:/Users/Administrator/Documents/GEOG_596/img_output\18TXM735635_mask.shp,AREA_SQM,-1,-1,C:/Users/Administrator/Documents/GEOG_596/img_output\18TXM735650_mask.shp,AREA_SQM,-1,-1,C:/Users/Administrator/Documents/GEOG_596/img_output\18TXM735665_mask.shp,AREA_SQM,-1,-1,C:/Users/Administrator/Documents/GEOG_596/img_output\18TXM735680_mask.shp,AREA_SQM,-1,-1,C:/Users/Administrator/Documents/GEOG_596/img_output\18TXM735695_mask.shp,AREA_SQM,-1,-1,C:/Users/Administrator/Documents/GEOG_596/img_output\18TXM735710_mask.shp,AREA_SQM,-1,-1,C:/Users/Administrator/Documents/GEOG_596/img_output\18TXM735725_mask.shp,AREA_SQM,-1,-1,C:/Users/Administrator/Documents/GEOG_596/img_output\18TXM735740_mask.shp,AREA_SQM,-1,-1,C:/Users/Administrator/Documents/GEOG_596/img_output\18TXM735755_mask.shp,AREA_SQM,-1,-1,C:/Users/Administrator/Documents/GEOG_596/img_output\18TXM735770_mask.shp,AREA_SQM,-1,-1,C:/Users/Administrator/Documents/GEOG_596/img_output\18TXM735785_mask.shp,AREA_SQM,-1,-1,C:/Users/Administrator/Documents/GEOG_596/img_output\18TXM735800_mask.shp,AREA_SQM,-1,-1,C:/Users/Administrator/Documents/GEOG_596/img_output\18TXM735815_mask.shp,AREA_SQM,-1,-1,C:/Users/Administrator/Documents/GEOG_596/img_output\18TXM735830_mask.shp,AREA_SQM,-1,-1,C:/Users/Administrator/Documents/GEOG_596/img_output\18TXM735845_mask.shp,AREA_SQM,-1,-1;PA_RATIO "PA_RATIO" true true false 7 Float 2 6,First,#,C:/Users/Administrator/Documents/GEOG_596/img_output\18TXM585590_mask.shp,PA_RATIO,-1,-1,C:/Users/Administrator/Documents/GEOG_596/img_output\18TXM585605_mask.shp,PA_RATIO,-1,-1,C:/Users/Administrator/Documents/GEOG_596/img_output\18TXM585620_mask.shp,PA_RATIO,-1,-1,C:/Users/Administrator/Documents/GEOG_596/img_output\18TXM585635_mask.shp,PA_RATIO,-1,-1,C:/Users/Administrator/Documents/GEOG_596/img_output\18TXM585650_mask.shp,PA_RATIO,-1,-1,C:/Users/Administrator/Documents/GEOG_596/img_output\18TXM585665_mask.shp,PA_RATIO,-1,-1,C:/Users/Administrator/Documents/GEOG_596/img_output\18TXM585680_mask.shp,PA_RATIO,-1,-1,C:/Users/Administrator/Documents/GEOG_596/img_output\18TXM600560_mask.shp,PA_RATIO,-1,-1,C:/Users/Administrator/Documents/GEOG_596/img_output\18TXM600575_mask.shp,PA_RATIO,-1,-1,C:/Users/Administrator/Documents/GEOG_596/img_output\18TXM600590_mask.shp,PA_RATIO,-1,-1,C:/Users/Administrator/Documents/GEOG_596/img_output\18TXM600605_mask.shp,PA_RATIO,-1,-1,C:/Users/Administrator/Documents/GEOG_596/img_output\18TXM600620_mask.shp,PA_RATIO,-1,-1,C:/Users/Administrator/Documents/GEOG_596/img_output\18TXM600635_mask.shp,PA_RATIO,-1,-1,C:/Users/Administrator/Documents/GEOG_596/img_output\18TXM600650_mask.shp,PA_RATIO,-1,-1,C:/Users/Administrator/Documents/GEOG_596/img_output\18TXM600665_mask.shp,PA_RATIO,-1,-1,C:/Users/Administrator/Documents/GEOG_596/img_output\18TXM615560_mask.shp,PA_RATIO,-1,-1,C:/Users/Administrator/Documents/GEOG_596/img_output\18TXM615575_mask.shp,PA_RATIO,-1,-1,C:/Users/Administrator/Documents/GEOG_596/img_output\18TXM615590_mask.shp,PA_RATIO,-1,-1,C:/Users/Administrator/Documents/GEOG_596/img_output\18TXM615605_mask.shp,PA_RATIO,-1,-1,C:/Users/Administrator/Documents/GEOG_596/img_output\18TXM615620_mask.shp,PA_RATIO,-1,-1,C:/Users/Administrator/Documents/GEOG_596/img_output\18TXM615635_mask.shp,PA_RATIO,-1,-1,C:/Users/Administrator/Documents/GEOG_596/img_output\18TXM615650_mask.shp,PA_RATIO,-1,-1,C:/Users/Administrator/Documents/GEOG_596/img_output\18TXM615665_mask.shp,PA_RATIO,-1,-1,C:/Users/Administrator/Documents/GEOG_596/img_output\18TXM615680_mask.shp,PA_RATIO,-1,-1,C:/Users/Administrator/Documents/GEOG_596/img_output\18TXM615695_mask.shp,PA_RATIO,-1,-1,C:/Users/Administrator/Documents/GEOG_596/img_output\18TXM630560_mask.shp,PA_RATIO,-1,-1,C:/Users/Administrator/Documents/GEOG_596/img_output\18TXM630575_mask.shp,PA_RATIO,-1,-1,C:/Users/Administrator/Documents/GEOG_596/img_output\18TXM630590_mask.shp,PA_RATIO,-1,-1,C:/Users/Administrator/Documents/GEOG_596/img_output\18TXM630605_mask.shp,PA_RATIO,-1,-1,C:/Users/Administrator/Documents/GEOG_596/img_output\18TXM630620_mask.shp,PA_RATIO,-1,-1,C:/Users/Administrator/Documents/GEOG_596/img_output\18TXM630635_mask.shp,PA_RATIO,-1,-1,C:/Users/Administrator/Documents/GEOG_596/img_output\18TXM630650_mask.shp,PA_RATIO,-1,-1,C:/Users/Administrator/Documents/GEOG_596/img_output\18TXM630665_mask.shp,PA_RATIO,-1,-1,C:/Users/Administrator/Documents/GEOG_596/img_output\18TXM630680_mask.shp,PA_RATIO,-1,-1,C:/Users/Administrator/Documents/GEOG_596/img_output\18TXM630695_mask.shp,PA_RATIO,-1,-1,C:/Users/Administrator/Documents/GEOG_596/img_output\18TXM630710_mask.shp,PA_RATIO,-1,-1,C:/Users/Administrator/Documents/GEOG_596/img_output\18TXM630725_mask.shp,PA_RATIO,-1,-1,C:/Users/Administrator/Documents/GEOG_596/img_output\18TXM630740_mask.shp,PA_RATIO,-1,-1,C:/Users/Administrator/Documents/GEOG_596/img_output\18TXM630755_mask.shp,PA_RATIO,-1,-1,C:/Users/Administrator/Documents/GEOG_596/img_output\18TXM630770_mask.shp,PA_RATIO,-1,-1,C:/Users/Administrator/Documents/GEOG_596/img_output\18TXM630785_mask.shp,PA_RATIO,-1,-1,C:/Users/Administrator/Documents/GEOG_596/img_output\18TXM645545_mask.shp,PA_RATIO,-1,-1,C:/Users/Administrator/Documents/GEOG_596/img_output\18TXM645560_mask.shp,PA_RATIO,-1,-1,C:/Users/Administrator/Documents/GEOG_596/img_output\18TXM645575_mask.shp,PA_RATIO,-1,-1,C:/Users/Administrator/Documents/GEOG_596/img_output\18TXM645590_mask.shp,PA_RATIO,-1,-1,C:/Users/Administrator/Documents/GEOG_596/img_output\18TXM645605_mask.shp,PA_RATIO,-1,-1,C:/Users/Administrator/Documents/GEOG_596/img_output\18TXM645620_mask.shp,PA_RATIO,-1,-1,C:/Users/Administrator/Documents/GEOG_596/img_output\18TXM645635_mask.shp,PA_RATIO,-1,-1,C:/Users/Administrator/Documents/GEOG_596/img_output\18TXM645650_mask.shp,PA_RATIO,-1,-1,C:/Users/Administrator/Documents/GEOG_596/img_output\18TXM645665_mask.shp,PA_RATIO,-1,-1,C:/Users/Administrator/Documents/GEOG_596/img_output\18TXM645680_mask.shp,PA_RATIO,-1,-1,C:/Users/Administrator/Documents/GEOG_596/img_output\18TXM645695_mask.shp,PA_RATIO,-1,-1,C:/Users/Administrator/Documents/GEOG_596/img_output\18TXM645710_mask.shp,PA_RATIO,-1,-1,C:/Users/Administrator/Documents/GEOG_596/img_output\18TXM645725_mask.shp,PA_RATIO,-1,-1,C:/Users/Administrator/Documents/GEOG_596/img_output\18TXM645740_mask.shp,PA_RATIO,-1,-1,C:/Users/Administrator/Documents/GEOG_596/img_output\18TXM645755_mask.shp,PA_RATIO,-1,-1,C:/Users/Administrator/Documents/GEOG_596/img_output\18TXM645770_mask.shp,PA_RATIO,-1,-1,C:/Users/Administrator/Documents/GEOG_596/img_output\18TXM645785_mask.shp,PA_RATIO,-1,-1,C:/Users/Administrator/Documents/GEOG_596/img_output\18TXM645800_mask.shp,PA_RATIO,-1,-1,C:/Users/Administrator/Documents/GEOG_596/img_output\18TXM645815_mask.shp,PA_RATIO,-1,-1,C:/Users/Administrator/Documents/GEOG_596/img_output\18TXM645830_mask.shp,PA_RATIO,-1,-1,C:/Users/Administrator/Documents/GEOG_596/img_output\18TXM645845_mask.shp,PA_RATIO,-1,-1,C:/Users/Administrator/Documents/GEOG_596/img_output\18TXM645860_mask.shp,PA_RATIO,-1,-1,C:/Users/Administrator/Documents/GEOG_596/img_output\18TXM645875_mask.shp,PA_RATIO,-1,-1,C:/Users/Administrator/Documents/GEOG_596/img_output\18TXM660545_mask.shp,PA_RATIO,-1,-1,C:/Users/Administrator/Documents/GEOG_596/img_output\18TXM660560_mask.shp,PA_RATIO,-1,-1,C:/Users/Administrator/Documents/GEOG_596/img_output\18TXM660575_mask.shp,PA_RATIO,-1,-1,C:/Users/Administrator/Documents/GEOG_596/img_output\18TXM660590_mask.shp,PA_RATIO,-1,-1,C:/Users/Administrator/Documents/GEOG_596/img_output\18TXM660605_mask.shp,PA_RATIO,-1,-1,C:/Users/Administrator/Documents/GEOG_596/img_output\18TXM660620_mask.shp,PA_RATIO,-1,-1,C:/Users/Administrator/Documents/GEOG_596/img_output\18TXM660635_mask.shp,PA_RATIO,-1,-1,C:/Users/Administrator/Documents/GEOG_596/img_output\18TXM660650_mask.shp,PA_RATIO,-1,-1,C:/Users/Administrator/Documents/GEOG_596/img_output\18TXM660665_mask.shp,PA_RATIO,-1,-1,C:/Users/Administrator/Documents/GEOG_596/img_output\18TXM660680_mask.shp,PA_RATIO,-1,-1,C:/Users/Administrator/Documents/GEOG_596/img_output\18TXM660695_mask.shp,PA_RATIO,-1,-1,C:/Users/Administrator/Documents/GEOG_596/img_output\18TXM660710_mask.shp,PA_RATIO,-1,-1,C:/Users/Administrator/Documents/GEOG_596/img_output\18TXM660725_mask.shp,PA_RATIO,-1,-1,C:/Users/Administrator/Documents/GEOG_596/img_output\18TXM660740_mask.shp,PA_RATIO,-1,-1,C:/Users/Administrator/Documents/GEOG_596/img_output\18TXM660755_mask.shp,PA_RATIO,-1,-1,C:/Users/Administrator/Documents/GEOG_596/img_output\18TXM660770_mask.shp,PA_RATIO,-1,-1,C:/Users/Administrator/Documents/GEOG_596/img_output\18TXM660785_mask.shp,PA_RATIO,-1,-1,C:/Users/Administrator/Documents/GEOG_596/img_output\18TXM660800_mask.shp,PA_RATIO,-1,-1,C:/Users/Administrator/Documents/GEOG_596/img_output\18TXM660815_mask.shp,PA_RATIO,-1,-1,C:/Users/Administrator/Documents/GEOG_596/img_output\18TXM660830_mask.shp,PA_RATIO,-1,-1,C:/Users/Administrator/Documents/GEOG_596/img_output\18TXM660845_mask.shp,PA_RATIO,-1,-1,C:/Users/Administrator/Documents/GEOG_596/img_output\18TXM660860_mask.shp,PA_RATIO,-1,-1,C:/Users/Administrator/Documents/GEOG_596/img_output\18TXM660875_mask.shp,PA_RATIO,-1,-1,C:/Users/Administrator/Documents/GEOG_596/img_output\18TXM675545_mask.shp,PA_RATIO,-1,-1,C:/Users/Administrator/Documents/GEOG_596/img_output\18TXM675560_mask.shp,PA_RATIO,-1,-1,C:/Users/Administrator/Documents/GEOG_596/img_output\18TXM675575_mask.shp,PA_RATIO,-1,-1,C:/Users/Administrator/Documents/GEOG_596/img_output\18TXM675590_mask.shp,PA_RATIO,-1,-1,C:/Users/Administrator/Documents/GEOG_596/img_output\18TXM675605_mask.shp,PA_RATIO,-1,-1,C:/Users/Administrator/Documents/GEOG_596/img_output\18TXM675620_mask.shp,PA_RATIO,-1,-1,C:/Users/Administrator/Documents/GEOG_596/img_output\18TXM675635_mask.shp,PA_RATIO,-1,-1,C:/Users/Administrator/Documents/GEOG_596/img_output\18TXM675650_mask.shp,PA_RATIO,-1,-1,C:/Users/Administrator/Documents/GEOG_596/img_output\18TXM675665_mask.shp,PA_RATIO,-1,-1,C:/Users/Administrator/Documents/GEOG_596/img_output\18TXM675680_mask.shp,PA_RATIO,-1,-1,C:/Users/Administrator/Documents/GEOG_596/img_output\18TXM675695_mask.shp,PA_RATIO,-1,-1,C:/Users/Administrator/Documents/GEOG_596/img_output\18TXM675710_mask.shp,PA_RATIO,-1,-1,C:/Users/Administrator/Documents/GEOG_596/img_output\18TXM675725_mask.shp,PA_RATIO,-1,-1,C:/Users/Administrator/Documents/GEOG_596/img_output\18TXM675740_mask.shp,PA_RATIO,-1,-1,C:/Users/Administrator/Documents/GEOG_596/img_output\18TXM675755_mask.shp,PA_RATIO,-1,-1,C:/Users/Administrator/Documents/GEOG_596/img_output\18TXM675770_mask.shp,PA_RATIO,-1,-1,C:/Users/Administrator/Documents/GEOG_596/img_output\18TXM675785_mask.shp,PA_RATIO,-1,-1,C:/Users/Administrator/Documents/GEOG_596/img_output\18TXM675800_mask.shp,PA_RATIO,-1,-1,C:/Users/Administrator/Documents/GEOG_596/img_output\18TXM675815_mask.shp,PA_RATIO,-1,-1,C:/Users/Administrator/Documents/GEOG_596/img_output\18TXM675830_mask.shp,PA_RATIO,-1,-1,C:/Users/Administrator/Documents/GEOG_596/img_output\18TXM675845_mask.shp,PA_RATIO,-1,-1,C:/Users/Administrator/Documents/GEOG_596/img_output\18TXM675860_mask.shp,PA_RATIO,-1,-1,C:/Users/Administrator/Documents/GEOG_596/img_output\18TXM675875_mask.shp,PA_RATIO,-1,-1,C:/Users/Administrator/Documents/GEOG_596/img_output\18TXM675890_mask.shp,PA_RATIO,-1,-1,C:/Users/Administrator/Documents/GEOG_596/img_output\18TXM690560_mask.shp,PA_RATIO,-1,-1,C:/Users/Administrator/Documents/GEOG_596/img_output\18TXM690575_mask.shp,PA_RATIO,-1,-1,C:/Users/Administrator/Documents/GEOG_596/img_output\18TXM690590_mask.shp,PA_RATIO,-1,-1,C:/Users/Administrator/Documents/GEOG_596/img_output\18TXM690605_mask.shp,PA_RATIO,-1,-1,C:/Users/Administrator/Documents/GEOG_596/img_output\18TXM690620_mask.shp,PA_RATIO,-1,-1,C:/Users/Administrator/Documents/GEOG_596/img_output\18TXM690635_mask.shp,PA_RATIO,-1,-1,C:/Users/Administrator/Documents/GEOG_596/img_output\18TXM690650_mask.shp,PA_RATIO,-1,-1,C:/Users/Administrator/Documents/GEOG_596/img_output\18TXM690665_mask.shp,PA_RATIO,-1,-1,C:/Users/Administrator/Documents/GEOG_596/img_output\18TXM690680_mask.shp,PA_RATIO,-1,-1,C:/Users/Administrator/Documents/GEOG_596/img_output\18TXM690695_mask.shp,PA_RATIO,-1,-1,C:/Users/Administrator/Documents/GEOG_596/img_output\18TXM690710_mask.shp,PA_RATIO,-1,-1,C:/Users/Administrator/Documents/GEOG_596/img_output\18TXM690725_mask.shp,PA_RATIO,-1,-1,C:/Users/Administrator/Documents/GEOG_596/img_output\18TXM690740_mask.shp,PA_RATIO,-1,-1,C:/Users/Administrator/Documents/GEOG_596/img_output\18TXM690755_mask.shp,PA_RATIO,-1,-1,C:/Users/Administrator/Documents/GEOG_596/img_output\18TXM690770_mask.shp,PA_RATIO,-1,-1,C:/Users/Administrator/Documents/GEOG_596/img_output\18TXM690785_mask.shp,PA_RATIO,-1,-1,C:/Users/Administrator/Documents/GEOG_596/img_output\18TXM690800_mask.shp,PA_RATIO,-1,-1,C:/Users/Administrator/Documents/GEOG_596/img_output\18TXM690815_mask.shp,PA_RATIO,-1,-1,C:/Users/Administrator/Documents/GEOG_596/img_output\18TXM690830_mask.shp,PA_RATIO,-1,-1,C:/Users/Administrator/Documents/GEOG_596/img_output\18TXM690845_mask.shp,PA_RATIO,-1,-1,C:/Users/Administrator/Documents/GEOG_596/img_output\18TXM690860_mask.shp,PA_RATIO,-1,-1,C:/Users/Administrator/Documents/GEOG_596/img_output\18TXM690875_mask.shp,PA_RATIO,-1,-1,C:/Users/Administrator/Documents/GEOG_596/img_output\18TXM690890_mask.shp,PA_RATIO,-1,-1,C:/Users/Administrator/Documents/GEOG_596/img_output\18TXM705560_mask.shp,PA_RATIO,-1,-1,C:/Users/Administrator/Documents/GEOG_596/img_output\18TXM705575_mask.shp,PA_RATIO,-1,-1,C:/Users/Administrator/Documents/GEOG_596/img_output\18TXM705590_mask.shp,PA_RATIO,-1,-1,C:/Users/Administrator/Documents/GEOG_596/img_output\18TXM705605_mask.shp,PA_RATIO,-1,-1,C:/Users/Administrator/Documents/GEOG_596/img_output\18TXM705620_mask.shp,PA_RATIO,-1,-1,C:/Users/Administrator/Documents/GEOG_596/img_output\18TXM705635_mask.shp,PA_RATIO,-1,-1,C:/Users/Administrator/Documents/GEOG_596/img_output\18TXM705650_mask.shp,PA_RATIO,-1,-1,C:/Users/Administrator/Documents/GEOG_596/img_output\18TXM705665_mask.shp,PA_RATIO,-1,-1,C:/Users/Administrator/Documents/GEOG_596/img_output\18TXM705680_mask.shp,PA_RATIO,-1,-1,C:/Users/Administrator/Documents/GEOG_596/img_output\18TXM705695_mask.shp,PA_RATIO,-1,-1,C:/Users/Administrator/Documents/GEOG_596/img_output\18TXM705710_mask.shp,PA_RATIO,-1,-1,C:/Users/Administrator/Documents/GEOG_596/img_output\18TXM705725_mask.shp,PA_RATIO,-1,-1,C:/Users/Administrator/Documents/GEOG_596/img_output\18TXM705740_mask.shp,PA_RATIO,-1,-1,C:/Users/Administrator/Documents/GEOG_596/img_output\18TXM705755_mask.shp,PA_RATIO,-1,-1,C:/Users/Administrator/Documents/GEOG_596/img_output\18TXM705770_mask.shp,PA_RATIO,-1,-1,C:/Users/Administrator/Documents/GEOG_596/img_output\18TXM705785_mask.shp,PA_RATIO,-1,-1,C:/Users/Administrator/Documents/GEOG_596/img_output\18TXM705800_mask.shp,PA_RATIO,-1,-1,C:/Users/Administrator/Documents/GEOG_596/img_output\18TXM705815_mask.shp,PA_RATIO,-1,-1,C:/Users/Administrator/Documents/GEOG_596/img_output\18TXM705830_mask.shp,PA_RATIO,-1,-1,C:/Users/Administrator/Documents/GEOG_596/img_output\18TXM705845_mask.shp,PA_RATIO,-1,-1,C:/Users/Administrator/Documents/GEOG_596/img_output\18TXM705860_mask.shp,PA_RATIO,-1,-1,C:/Users/Administrator/Documents/GEOG_596/img_output\18TXM705875_mask.shp,PA_RATIO,-1,-1,C:/Users/Administrator/Documents/GEOG_596/img_output\18TXM705890_mask.shp,PA_RATIO,-1,-1,C:/Users/Administrator/Documents/GEOG_596/img_output\18TXM720560_mask.shp,PA_RATIO,-1,-1,C:/Users/Administrator/Documents/GEOG_596/img_output\18TXM720575_mask.shp,PA_RATIO,-1,-1,C:/Users/Administrator/Documents/GEOG_596/img_output\18TXM720590_mask.shp,PA_RATIO,-1,-1,C:/Users/Administrator/Documents/GEOG_596/img_output\18TXM720605_mask.shp,PA_RATIO,-1,-1,C:/Users/Administrator/Documents/GEOG_596/img_output\18TXM720620_mask.shp,PA_RATIO,-1,-1,C:/Users/Administrator/Documents/GEOG_596/img_output\18TXM720635_mask.shp,PA_RATIO,-1,-1,C:/Users/Administrator/Documents/GEOG_596/img_output\18TXM720650_mask.shp,PA_RATIO,-1,-1,C:/Users/Administrator/Documents/GEOG_596/img_output\18TXM720665_mask.shp,PA_RATIO,-1,-1,C:/Users/Administrator/Documents/GEOG_596/img_output\18TXM720680_mask.shp,PA_RATIO,-1,-1,C:/Users/Administrator/Documents/GEOG_596/img_output\18TXM720695_mask.shp,PA_RATIO,-1,-1,C:/Users/Administrator/Documents/GEOG_596/img_output\18TXM720710_mask.shp,PA_RATIO,-1,-1,C:/Users/Administrator/Documents/GEOG_596/img_output\18TXM720725_mask.shp,PA_RATIO,-1,-1,C:/Users/Administrator/Documents/GEOG_596/img_output\18TXM720740_mask.shp,PA_RATIO,-1,-1,C:/Users/Administrator/Documents/GEOG_596/img_output\18TXM720755_mask.shp,PA_RATIO,-1,-1,C:/Users/Administrator/Documents/GEOG_596/img_output\18TXM720770_mask.shp,PA_RATIO,-1,-1,C:/Users/Administrator/Documents/GEOG_596/img_output\18TXM720785_mask.shp,PA_RATIO,-1,-1,C:/Users/Administrator/Documents/GEOG_596/img_output\18TXM720800_mask.shp,PA_RATIO,-1,-1,C:/Users/Administrator/Documents/GEOG_596/img_output\18TXM720815_mask.shp,PA_RATIO,-1,-1,C:/Users/Administrator/Documents/GEOG_596/img_output\18TXM720830_mask.shp,PA_RATIO,-1,-1,C:/Users/Administrator/Documents/GEOG_596/img_output\18TXM720845_mask.shp,PA_RATIO,-1,-1,C:/Users/Administrator/Documents/GEOG_596/img_output\18TXM720860_mask.shp,PA_RATIO,-1,-1,C:/Users/Administrator/Documents/GEOG_596/img_output\18TXM720875_mask.shp,PA_RATIO,-1,-1,C:/Users/Administrator/Documents/GEOG_596/img_output\18TXM720890_mask.shp,PA_RATIO,-1,-1,C:/Users/Administrator/Documents/GEOG_596/img_output\18TXM735560_mask.shp,PA_RATIO,-1,-1,C:/Users/Administrator/Documents/GEOG_596/img_output\18TXM735575_mask.shp,PA_RATIO,-1,-1,C:/Users/Administrator/Documents/GEOG_596/img_output\18TXM735590_mask.shp,PA_RATIO,-1,-1,C:/Users/Administrator/Documents/GEOG_596/img_output\18TXM735605_mask.shp,PA_RATIO,-1,-1,C:/Users/Administrator/Documents/GEOG_596/img_output\18TXM735620_mask.shp,PA_RATIO,-1,-1,C:/Users/Administrator/Documents/GEOG_596/img_output\18TXM735635_mask.shp,PA_RATIO,-1,-1,C:/Users/Administrator/Documents/GEOG_596/img_output\18TXM735650_mask.shp,PA_RATIO,-1,-1,C:/Users/Administrator/Documents/GEOG_596/img_output\18TXM735665_mask.shp,PA_RATIO,-1,-1,C:/Users/Administrator/Documents/GEOG_596/img_output\18TXM735680_mask.shp,PA_RATIO,-1,-1,C:/Users/Administrator/Documents/GEOG_596/img_output\18TXM735695_mask.shp,PA_RATIO,-1,-1,C:/Users/Administrator/Documents/GEOG_596/img_output\18TXM735710_mask.shp,PA_RATIO,-1,-1,C:/Users/Administrator/Documents/GEOG_596/img_output\18TXM735725_mask.shp,PA_RATIO,-1,-1,C:/Users/Administrator/Documents/GEOG_596/img_output\18TXM735740_mask.shp,PA_RATIO,-1,-1,C:/Users/Administrator/Documents/GEOG_596/img_output\18TXM735755_mask.shp,PA_RATIO,-1,-1,C:/Users/Administrator/Documents/GEOG_596/img_output\18TXM735770_mask.shp,PA_RATIO,-1,-1,C:/Users/Administrator/Documents/GEOG_596/img_output\18TXM735785_mask.shp,PA_RATIO,-1,-1,C:/Users/Administrator/Documents/GEOG_596/img_output\18TXM735800_mask.shp,PA_RATIO,-1,-1,C:/Users/Administrator/Documents/GEOG_596/img_output\18TXM735815_mask.shp,PA_RATIO,-1,-1,C:/Users/Administrator/Documents/GEOG_596/img_output\18TXM735830_mask.shp,PA_RATIO,-1,-1,C:/Users/Administrator/Documents/GEOG_596/img_output\18TXM735845_mask.shp,PA_RATIO,-1,-1" NO_SOURCE_INFO</Process><Process ToolSource="c:\program files\arcgis\pro\Resources\ArcToolbox\toolboxes\Data Management Tools.tbx\Dissolve" Date="20221110" Time="223116">Dissolve Hampden_2021_10_200_img C:\Users\Administrator\Documents\ArcGIS\Projects\GEOG596\GEOG596.gdb\Hampden_2021_10_200_img_Dissolve # # SINGLE_PART DISSOLVE_LINES</Process><Process ToolSource="c:\program files\arcgis\pro\Resources\ArcToolbox\toolboxes\Data Management Tools.tbx\UpdateSchema" Date="20221110" Time="223155">UpdateSchema "CIMDATA=&lt;CIMStandardDataConnection xsi:type='typens:CIMStandardDataConnection' xmlns:xsi='http://www.w3.org/2001/XMLSchema-instance' xmlns:xs='http://www.w3.org/2001/XMLSchema' xmlns:typens='http://www.esri.com/schemas/ArcGIS/2.9.0'&gt;&lt;WorkspaceConnectionString&gt;DATABASE=C:\Users\Administrator\Documents\ArcGIS\Projects\GEOG596\GEOG596.gdb&lt;/WorkspaceConnectionString&gt;&lt;WorkspaceFactory&gt;FileGDB&lt;/WorkspaceFactory&gt;&lt;Dataset&gt;Hampden_2021_10_200_img_Dissolve&lt;/Dataset&gt;&lt;DatasetType&gt;esriDTFeatureClass&lt;/DatasetType&gt;&lt;/CIMStandardDataConnection&gt;" &lt;operationSequence&gt;&lt;workflow&gt;&lt;AddField&gt;&lt;field_name&gt;PA_Ratio&lt;/field_name&gt;&lt;field_type&gt;DOUBLE&lt;/field_type&gt;&lt;field_alias&gt;PA_Ratio&lt;/field_alias&gt;&lt;field_is_nullable&gt;True&lt;/field_is_nullable&gt;&lt;field_is_required&gt;False&lt;/field_is_required&gt;&lt;/AddField&gt;&lt;/workflow&gt;&lt;/operationSequence&gt;</Process><Process ToolSource="c:\program files\arcgis\pro\Resources\ArcToolbox\toolboxes\Data Management Tools.tbx\CalculateField" Date="20221110" Time="223212">CalculateField Hampden_2021_10_200_img_Dissolve PA_Ratio "!Shape_Length! / !Shape_Area!" "Python 3" # Text NO_ENFORCE_DOMAINS</Process><Process ToolSource="c:\program files\arcgis\pro\Resources\ArcToolbox\toolboxes\Analysis Tools.tbx\Near" Date="20221110" Time="223409">Near Hampden_2021_10_200_img_Dissolve Hampden_2021_10_200_img_Dissolve # NO_LOCATION NO_ANGLE Planar "NEAR_FID NEAR_FID;NEAR_DIST NEAR_DIST"</Process><Process ToolSource="c:\program files\arcgis\pro\Resources\ArcToolbox\toolboxes\Data Management Tools.tbx\Merge" Date="20221117" Time="061807">Merge Hampden_2021_10_200_img_Dissolve;Hampden_2021_10_400_img_Dissolve;Hampden_2021_10_600_img_Dissolve;Hampden_2021_10_828_img_Dissolve C:\Users\Administrator\Documents\ArcGIS\Projects\GEOG596\Hampden_2021_10_merge.shp "Shape_Length "Shape_Length" false true true 8 Double 0 0,First,#,Hampden_2021_10_200_img_Dissolve,Shape_Length,-1,-1,Hampden_2021_10_400_img_Dissolve,Shape_Length,-1,-1,Hampden_2021_10_600_img_Dissolve,Shape_Length,-1,-1,Hampden_2021_10_828_img_Dissolve,Shape_Length,-1,-1;Shape_Area "Shape_Area" false true true 8 Double 0 0,First,#,Hampden_2021_10_200_img_Dissolve,Shape_Area,-1,-1,Hampden_2021_10_400_img_Dissolve,Shape_Area,-1,-1,Hampden_2021_10_600_img_Dissolve,Shape_Area,-1,-1,Hampden_2021_10_828_img_Dissolve,Shape_Area,-1,-1;PA_Ratio "PA_Ratio" true true false 8 Double 0 0,First,#,Hampden_2021_10_200_img_Dissolve,PA_Ratio,-1,-1,Hampden_2021_10_400_img_Dissolve,PA_ratio,-1,-1,Hampden_2021_10_600_img_Dissolve,PA_ratio,-1,-1,Hampden_2021_10_828_img_Dissolve,PA_ratio,-1,-1;NEAR_FID "NEAR_FID" true true false 4 Long 0 0,First,#,Hampden_2021_10_200_img_Dissolve,NEAR_FID,-1,-1,Hampden_2021_10_400_img_Dissolve,NEAR_FID,-1,-1,Hampden_2021_10_600_img_Dissolve,NEAR_FID,-1,-1,Hampden_2021_10_828_img_Dissolve,NEAR_FID,-1,-1;NEAR_DIST "NEAR_DIST" true true false 8 Double 0 0,First,#,Hampden_2021_10_200_img_Dissolve,NEAR_DIST,-1,-1,Hampden_2021_10_400_img_Dissolve,NEAR_DIST,-1,-1,Hampden_2021_10_600_img_Dissolve,NEAR_DIST,-1,-1,Hampden_2021_10_828_img_Dissolve,NEAR_DIST,-1,-1" NO_SOURCE_INFO</Process><Process ToolSource="c:\program files\arcgis\pro\Resources\ArcToolbox\toolboxes\Analysis Tools.tbx\Clip" Date="20221117" Time="141006">Clip Hampden_2021_10_merge Hampden_county C:\Users\artim\Documents\ArcGIS\Projects\GEOG_596\GEOG_596.gdb\Hampden_2021_10_merge_Clip #</Process><Process ToolSource="c:\program files\arcgis\pro\Resources\ArcToolbox\toolboxes\Conversion Tools.tbx\FeatureClassToFeatureClass" Date="20221207" Time="195457">FeatureClassToFeatureClass Hampden_2021_10_merge_Clip C:\Users\artim\Documents\GEOG_596 Hampden_2021_10_merge_Clip.shp # "Shape_Leng "Shape_Leng" true true false 8 Double 0 0,First,#,Hampden_2021_10_merge_Clip,Shape_Leng,-1,-1;PA_Ratio "PA_Ratio" true true false 8 Double 0 0,First,#,Hampden_2021_10_merge_Clip,PA_Ratio,-1,-1;NEAR_FID "NEAR_FID" true true false 4 Long 0 0,First,#,Hampden_2021_10_merge_Clip,NEAR_FID,-1,-1;NEAR_DIST "NEAR_DIST" true true false 8 Double 0 0,First,#,Hampden_2021_10_merge_Clip,NEAR_DIST,-1,-1;Shape_Length "Shape_Length" false true true 8 Double 0 0,First,#,Hampden_2021_10_merge_Clip,Shape_Length,-1,-1;Shape_Area "Shape_Area" false true true 8 Double 0 0,First,#,Hampden_2021_10_merge_Clip,Shape_Area,-1,-1" #</Process><Process ToolSource="c:\program files\arcgis\pro\Resources\ArcToolbox\toolboxes\Conversion Tools.tbx\FeatureClassToFeatureClass" Date="20221209" Time="191425">FeatureClassToFeatureClass Hampden_2021_10_merge_Clip C:\Users\artim\Documents\GEOG_596\Hampden_2021_arrays Hampden_2021_10_arrays.shp # "Shape_Leng "Shape_Leng" true true false 19 Double 0 0,First,#,Hampden_2021_10_merge_Clip,Shape_Leng,-1,-1;PA_Ratio "PA_Ratio" true true false 19 Double 0 0,First,#,Hampden_2021_10_merge_Clip,PA_Ratio,-1,-1;NEAR_FID "NEAR_FID" true true false 10 Long 0 10,First,#,Hampden_2021_10_merge_Clip,NEAR_FID,-1,-1;NEAR_DIST "NEAR_DIST" true true false 19 Double 0 0,First,#,Hampden_2021_10_merge_Clip,NEAR_DIST,-1,-1;Shape_Le_1 "Shape_Le_1" true true false 19 Double 0 0,First,#,Hampden_2021_10_merge_Clip,Shape_Le_1,-1,-1;Shape_Area "Shape_Area" true true false 19 Double 0 0,First,#,Hampden_2021_10_merge_Clip,Shape_Area,-1,-1" #</Process></lineage><itemProps><itemName Sync="TRUE">Hampden_2021_10_arrays</itemName><imsContentType Sync="TRUE">002</imsContentType><itemSize Sync="TRUE">0.000</itemSize><itemLocation><linkage Sync="TRUE">file://\\LAPTOP-1U02SOJL\C$\Users\artim\Documents\GEOG_596\Hampden_2021_arrays\Hampden_2021_10_arrays.shp</linkage><protocol Sync="TRUE">Local Area Network</protocol></itemLocation></itemProps><coordRef><type Sync="TRUE">Projected</type><geogcsn Sync="TRUE">GCS_NAD_1983_2011</geogcsn><csUnits Sync="TRUE">Linear Unit: Meter (1.000000)</csUnits><projcsn Sync="TRUE">NAD_1983_2011_UTM_Zone_18N</projcsn><peXml Sync="TRUE">&lt;ProjectedCoordinateSystem xsi:type='typens:ProjectedCoordinateSystem' xmlns:xsi='http://www.w3.org/2001/XMLSchema-instance' xmlns:xs='http://www.w3.org/2001/XMLSchema' xmlns:typens='http://www.esri.com/schemas/ArcGIS/2.9.0'&gt;&lt;WKT&gt;PROJCS[&amp;quot;NAD_1983_2011_UTM_Zone_18N&amp;quot;,GEOGCS[&amp;quot;GCS_NAD_1983_2011&amp;quot;,DATUM[&amp;quot;D_NAD_1983_2011&amp;quot;,SPHEROID[&amp;quot;GRS_1980&amp;quot;,6378137.0,298.257222101]],PRIMEM[&amp;quot;Greenwich&amp;quot;,0.0],UNIT[&amp;quot;Degree&amp;quot;,0.0174532925199433]],PROJECTION[&amp;quot;Transverse_Mercator&amp;quot;],PARAMETER[&amp;quot;False_Easting&amp;quot;,500000.0],PARAMETER[&amp;quot;False_Northing&amp;quot;,0.0],PARAMETER[&amp;quot;Central_Meridian&amp;quot;,-75.0],PARAMETER[&amp;quot;Scale_Factor&amp;quot;,0.9996],PARAMETER[&amp;quot;Latitude_Of_Origin&amp;quot;,0.0],UNIT[&amp;quot;Meter&amp;quot;,1.0],AUTHORITY[&amp;quot;EPSG&amp;quot;,6347]]&lt;/WKT&gt;&lt;XOrigin&gt;-5120900&lt;/XOrigin&gt;&lt;YOrigin&gt;-9998100&lt;/YOrigin&gt;&lt;XYScale&gt;450445547.3910538&lt;/XYScale&gt;&lt;ZOrigin&gt;-100000&lt;/ZOrigin&gt;&lt;ZScale&gt;10000&lt;/ZScale&gt;&lt;MOrigin&gt;-100000&lt;/MOrigin&gt;&lt;MScale&gt;10000&lt;/MScale&gt;&lt;XYTolerance&gt;0.001&lt;/XYTolerance&gt;&lt;ZTolerance&gt;0.001&lt;/ZTolerance&gt;&lt;MTolerance&gt;0.001&lt;/MTolerance&gt;&lt;HighPrecision&gt;true&lt;/HighPrecision&gt;&lt;WKID&gt;102387&lt;/WKID&gt;&lt;LatestWKID&gt;6347&lt;/LatestWKID&gt;&lt;/ProjectedCoordinateSystem&gt;</peXml></coordRef></DataProperties><SyncDate>20221209</SyncDate><SyncTime>19142400</SyncTime><ModDate>20221209</ModDate><ModTime>19142400</ModTime></Esri><dataIdInfo><envirDesc Sync="TRUE">Microsoft Windows 10 Version 10.0 (Build 19044) ; Esri ArcGIS 12.9.0.32739</envirDesc><dataLang><languageCode value="eng" Sync="TRUE"></languageCode><countryCode value="USA" Sync="TRUE"></countryCode></dataLang><idCitation><resTitle Sync="TRUE">Hampden_2021_10_arrays</resTitle><presForm><PresFormCd value="005" Sync="TRUE"></PresFormCd></presForm></idCitation><spatRpType><SpatRepTypCd value="001" Sync="TRUE"></SpatRepTypCd></spatRpType></dataIdInfo><mdLang><languageCode value="eng" Sync="TRUE"></languageCode><countryCode value="USA" Sync="TRUE"></countryCode></mdLang><mdChar><CharSetCd value="004" Sync="TRUE"></CharSetCd></mdChar><distInfo><distFormat><formatName Sync="TRUE">Shapefile</formatName></distFormat><distTranOps><transSize Sync="TRUE">0.000</transSize></distTranOps></distInfo><mdHrLv><ScopeCd value="005" Sync="TRUE"></ScopeCd></mdHrLv><mdHrLvName Sync="TRUE">dataset</mdHrLvName><refSysInfo><RefSystem><refSysID><identCode code="6347" Sync="TRUE"></identCode><idCodeSpace Sync="TRUE">EPSG</idCodeSpace><idVersion Sync="TRUE">8.2.2(10.2.1)</idVersion></refSysID></RefSystem></refSysInfo><spatRepInfo><VectSpatRep><geometObjs Name="Hampden_2021_10_arrays"><geoObjTyp><GeoObjTypCd value="002" Sync="TRUE"></GeoObjTypCd></geoObjTyp><geoObjCnt Sync="TRUE">0</geoObjCnt></geometObjs><topLvl><TopoLevCd value="001" Sync="TRUE"></TopoLevCd></topLvl></VectSpatRep></spatRepInfo><spdoinfo><ptvctinf><esriterm Name="Hampden_2021_10_arrays"><efeatyp Sync="TRUE">Simple</efeatyp><efeageom code="4" Sync="TRUE"></efeageom><esritopo Sync="TRUE">FALSE</esritopo><efeacnt Sync="TRUE">0</efeacnt><spindex Sync="TRUE">FALSE</spindex><linrefer Sync="TRUE">FALSE</linrefer></esriterm></ptvctinf></spdoinfo><eainfo><detailed Name="Hampden_2021_10_arrays"><enttyp><enttypl Sync="TRUE">Hampden_2021_10_arrays</enttypl><enttypt Sync="TRUE">Feature Class</enttypt><enttypc Sync="TRUE">0</enttypc></enttyp><attr><attrlabl Sync="TRUE">FID</attrlabl><attalias Sync="TRUE">FID</attalias><attrtype Sync="TRUE">OID</attrtype><attwidth Sync="TRUE">4</attwidth><atprecis Sync="TRUE">0</atprecis><attscale Sync="TRUE">0</attscale><attrdef Sync="TRUE">Internal feature number.</attrdef><attrdefs Sync="TRUE">Esri</attrdefs><attrdomv><udom Sync="TRUE">Sequential unique whole numbers that are automatically generated.</udom></attrdomv></attr><attr><attrlabl Sync="TRUE">Shape</attrlabl><attalias Sync="TRUE">Shape</attalias><attrtype Sync="TRUE">Geometry</attrtype><attwidth Sync="TRUE">0</attwidth><atprecis Sync="TRUE">0</atprecis><attscale Sync="TRUE">0</attscale><attrdef Sync="TRUE">Feature geometry.</attrdef><attrdefs Sync="TRUE">Esri</attrdefs><attrdomv><udom Sync="TRUE">Coordinates defining the features.</udom></attrdomv></attr><attr><attrlabl Sync="TRUE">Shape_Leng</attrlabl><attalias Sync="TRUE">Shape_Leng</attalias><attrtype Sync="TRUE">Double</attrtype><attwidth Sync="TRUE">19</attwidth><atprecis Sync="TRUE">0</atprecis><attscale Sync="TRUE">0</attscale></attr><attr><attrlabl Sync="TRUE">Shape_Area</attrlabl><attalias Sync="TRUE">Shape_Area</attalias><attrtype Sync="TRUE">Double</attrtype><attwidth Sync="TRUE">19</attwidth><atprecis Sync="TRUE">0</atprecis><attscale Sync="TRUE">0</attscale><attrdef Sync="TRUE">Area of feature in internal units squared.</attrdef><attrdefs Sync="TRUE">Esri</attrdefs><attrdomv><udom Sync="TRUE">Positive real numbers that are automatically generated.</udom></attrdomv></attr><attr><attrlabl Sync="TRUE">PA_Ratio</attrlabl><attalias Sync="TRUE">PA_Ratio</attalias><attrtype Sync="TRUE">Double</attrtype><attwidth Sync="TRUE">19</attwidth><atprecis Sync="TRUE">0</atprecis><attscale Sync="TRUE">0</attscale></attr><attr><attrlabl Sync="TRUE">NEAR_FID</attrlabl><attalias Sync="TRUE">NEAR_FID</attalias><attrtype Sync="TRUE">Integer</attrtype><attwidth Sync="TRUE">10</attwidth><atprecis Sync="TRUE">10</atprecis><attscale Sync="TRUE">0</attscale></attr><attr><attrlabl Sync="TRUE">Shape_Le_1</attrlabl><attalias Sync="TRUE">Shape_Le_1</attalias><attrtype Sync="TRUE">Double</attrtype><attwidth Sync="TRUE">19</attwidth><atprecis Sync="TRUE">0</atprecis><attscale Sync="TRUE">0</attscale></attr><attr><attrlabl Sync="TRUE">NEAR_DIST</attrlabl><attalias Sync="TRUE">NEAR_DIST</attalias><attrtype Sync="TRUE">Double</attrtype><attwidth Sync="TRUE">19</attwidth><atprecis Sync="TRUE">0</atprecis><attscale Sync="TRUE">0</attscale></attr></detailed></eainfo><mdDateSt Sync="TRUE">20221209</mdDateSt></metadata>
